accountType,description,deviceID,deviceToken,disabled,email,firstTimeUser,lastSignInTime,name,osType,phoneNumber,photoURL,profile,status,tenantId
enterprise,Administrator -North America,,,FALSE,QA1test01@Import.com,TRUE,,CHRISTA COSSS,,,,,Offline,
enterprise,Administrator -North America,,,FALSE,QA1test02@Import.com,TRUE,,David Pye,,,,,Offline,
enterprise,Administrator -North America,,,FALSE,QA1test03@Import.com,TRUE,,Enea Acconciamessa,,,,,Offline,
enterprise,Administrator -North America,,,FALSE,QA1test04@Import.com,TRUE,,scott adams,,,,,Offline,
enterprise,Administrator -North America,,,FALSE,QA1test05@Import.com,TRUE,,Lawrence Afolayan,,,,,Offline,
enterprise,Administrator -North America,,,FALSE,QA1test06@Import.com,TRUE,,Ruth Allaby,,,,,Offline,
enterprise,Administrator -North America,,,FALSE,QA1test07@Import.com,TRUE,,bettyjo Amirault,,,,,Offline,
enterprise,Administrator -North America,,,FALSE,QA1test08@Import.com,TRUE,,Moussa Arezki,,,,,Offline,
enterprise,Administrator -North America,,,FALSE,QA1test09@Import.com,TRUE,,airuh argosino,,,,,Offline,
enterprise,Technician,,,FALSE,QA1test10@Import.com,TRUE,,Darrell Armstrong,,,,,Offline,
enterprise,Technician,,,FALSE,QA1test11@Import.com,TRUE,,jason atkinson,,,,,Offline,
enterprise,Technician,,,FALSE,QA1test12@Import.com,TRUE,,andre arongaus,,,,,Offline,
enterprise,Technician,,,FALSE,QA1test13@Import.com,TRUE,,amira azha,,,,,Offline,
enterprise,Technician,,,FALSE,QA1test14@Import.com,TRUE,,Oussama Azzouni,,,,,Offline,
enterprise,Technician,,,FALSE,QA1test15@Import.com,TRUE,,Aliyu Bakare,,,,,Offline,
enterprise,Technician,,,FALSE,QA1test16@Import.com,TRUE,,Janarthan Balakrish,,,,,Offline,
enterprise,Technician,,,FALSE,QA1test17@Import.com,TRUE,,alicia barton,,,,,Offline,
enterprise,Technician,,,FALSE,QA1test18@Import.com,TRUE,,Kathryn beale,,,,,Offline,
enterprise,Technician,,,FALSE,QA1test19@Import.com,TRUE,,christian beaudoin,,,,,Offline,
enterprise,Technician,,,FALSE,QA1test20@Import.com,TRUE,,arsene bokanga,,,,,Offline,
enterprise,Technician,,,FALSE,QA1test21@Import.com,TRUE,,joseph boudrea,,,,,Offline,
enterprise,Technician,,,FALSE,QA1test22@Import.com,TRUE,,Pamela Boyle,,,,,Offline,
enterprise,Technician,,,FALSE,QA1test23@Import.com,TRUE,,Angela Branscombe,,,,,Offline,
enterprise,Technician,,,FALSE,QA1test24@Import.com,TRUE,,debra buckley,,,,,Offline,
enterprise,Technician,,,FALSE,QA1test25@Import.com,TRUE,,Garthur bungay,,,,,Offline,
enterprise,Technician,,,FALSE,QA1test26@Import.com,TRUE,,lorraine butler,,,,,Offline,
enterprise,Technician,,,FALSE,QA1test27@Import.com,TRUE,,jennifer calhoun,,,,,Offline,
enterprise,Technician,,,FALSE,QA1test28@Import.com,TRUE,,robyn calvin,,,,,Offline,
enterprise,Technician,,,FALSE,QA1test29@Import.com,TRUE,,devin campbell,,,,,Offline,
enterprise,Technician,,,FALSE,QA1test30@Import.com,TRUE,,samantha.higgins,,,,,Offline,
enterprise,Technician,,,FALSE,QA1test31@Import.com,TRUE,,jose castin,,,,,Offline,
enterprise,Technician,,,FALSE,QA1test32@Import.com,TRUE,,danielle clarke,,,,,Offline,
enterprise,Technician,,,FALSE,QA1test33@Import.com,TRUE,,conrad clements,,,,,Offline,
enterprise,Technician,,,FALSE,QA1test34@Import.com,TRUE,,dillan cochran,,,,,Offline,
enterprise,Technician,,,FALSE,QA1test35@Import.com,TRUE,,kim.codner,,,,,Offline,
enterprise,Executive -field ,,,FALSE,QA1test36@Import.com,TRUE,,Janice Colwell,,,,,Offline,
enterprise,Executive -field ,,,FALSE,QA1test37@Import.com,TRUE,,Bennett Comeau,,,,,Offline,
enterprise,Executive -field ,,,FALSE,QA1test38@Import.com,TRUE,,emma conradi,,,,,Offline,
enterprise,Executive -field ,,,FALSE,QA1test39@Import.com,TRUE,,Kathleen.Corcoran,,,,,Offline,
enterprise,Executive -field ,,,FALSE,QA1test40@Import.com,TRUE,,shaun crawford,,,,,Offline,
enterprise,Executive -field ,,,FALSE,QA1test41@Import.com,TRUE,,marjorie curtis,,,,,Offline,
enterprise,Executive -field ,,,FALSE,QA1test42@Import.com,TRUE,,doreen daley,,,,,Offline,
enterprise,Executive -field ,,,FALSE,QA1test43@Import.com,TRUE,,phillip dalling,,,,,Offline,
enterprise,Executive -field ,,,FALSE,QA1test44@Import.com,TRUE,,gloria deambrose,,,,,Offline,
enterprise,Executive -field ,,,FALSE,QA1test45@Import.com,TRUE,,Matthew DellaMalva,,,,,Offline,
enterprise,Executive -field ,,,FALSE,QA1test46@Import.com,TRUE,,Tom DeLong,,,,,Offline,
enterprise,Executive -field ,,,FALSE,QA1test47@Import.com,TRUE,,irene dempster,,,,,Offline,
enterprise,Executive -field ,,,FALSE,QA1test48@Import.com,TRUE,,mathieu desrosiers,,,,,Offline,
enterprise,Executive -field ,,,FALSE,QA1test49@Import.com,TRUE,,Lynn Dickie,,,,,Offline,
enterprise,Executive -field ,,,FALSE,QA1test50@Import.com,TRUE,,Elias Doha,,,,,Offline,
enterprise,Executive -field ,,,FALSE,QA1test51@Import.com,TRUE,,kelly donnelly,,,,,Offline,
enterprise,Executive -field ,,,FALSE,QA1test52@Import.com,TRUE,,Martina Doucette,,,,,Offline,
enterprise,Executive -field ,,,FALSE,QA1test53@Import.com,TRUE,,tammy duplessis,,,,,Offline,
enterprise,Executive -field ,,,FALSE,QA1test54@Import.com,TRUE,,Jeffrey Earle,,,,,Offline,
enterprise,Executive -field ,,,FALSE,QA1test55@Import.com,TRUE,,Valerie Fequiere,,,,,Offline,
enterprise,Executive -field ,,,FALSE,QA1test56@Import.com,TRUE,,Wendy Ferris,,,,,Offline,
enterprise,Executive -field ,,,FALSE,QA1test57@Import.com,TRUE,,mallory floyd,,,,,Offline,
enterprise,Executive -field ,,,FALSE,QA1test58@Import.com,TRUE,,robert founang,,,,,Offline,
enterprise,Executive -field ,,,FALSE,QA1test59@Import.com,TRUE,,Brittany Fowler,,,,,Offline,
enterprise,Executive -field ,,,FALSE,QA1test60@Import.com,TRUE,,Karen Fox,,,,,Offline,
enterprise,Executive -field ,,,FALSE,QA1test61@Import.com,TRUE,,kevin gillette,,,,,Offline,
enterprise,Executive -field ,,,FALSE,QA1test62@Import.com,TRUE,,denis gionet,,,,,Offline,
enterprise,Executive -field ,,,FALSE,QA1test63@Import.com,TRUE,,jeremy godfrey,,,,,Offline,
enterprise,Executive -field ,,,FALSE,QA1test64@Import.com,TRUE,,Rebecca Graves,,,,,Offline,
enterprise,Executive -field ,,,FALSE,QA1test65@Import.com,TRUE,,Darren Gray,,,,,Offline,
enterprise,Executive -field ,,,FALSE,QA1test66@Import.com,TRUE,,Gurvir Singh,,,,,Offline,
enterprise,Executive -field ,,,FALSE,QA1test67@Import.com,TRUE,,wayne hall,,,,,Offline,
enterprise,Executive -field ,,,FALSE,QA1test68@Import.com,TRUE,,Oussama Hamza,,,,,Offline,
enterprise,Executive -field ,,,FALSE,QA1test69@Import.com,TRUE,,beth hanlon,,,,,Offline,
enterprise,Executive -field ,,,FALSE,QA1test70@Import.com,TRUE,,kendall hartt,,,,,Offline,
enterprise,Executive -field ,,,FALSE,QA1test71@Import.com,TRUE,,willard henderson,,,,,Offline,
enterprise,Executive -field ,,,FALSE,QA1test72@Import.com,TRUE,,Robert Henwood,,,,,Offline,
enterprise,Executive -field ,,,FALSE,QA1test73@Import.com,TRUE,,samantha howe,,,,,Offline,
enterprise,Executive -field ,,,FALSE,QA1test74@Import.com,TRUE,,Tanya Hunter,,,,,Offline,
enterprise,Executive -field ,,,FALSE,QA1test75@Import.com,TRUE,,Derrick Hutchings,,,,,Offline,
enterprise,Executive -field ,,,FALSE,QA1test76@Import.com,TRUE,,ruth kalama,,,,,Offline,
enterprise,Executive -field ,,,FALSE,QA1test77@Import.com,TRUE,,Nicole Keffer,,,,,Offline,
enterprise,Executive -field ,,,FALSE,QA1test78@Import.com,TRUE,,Shelly Kelly,,,,,Offline,
enterprise,Executive -field ,,,FALSE,QA1test79@Import.com,TRUE,,william kelly,,,,,Online,
enterprise,Executive -field ,,,FALSE,QA1test80@Import.com,TRUE,,matthew kemp,,,,,Online,
enterprise,Executive -field ,,,FALSE,QA1test81@Import.com,TRUE,,Makrand Konkar,,,,,Online,
enterprise,Executive -field ,,,FALSE,QA1test82@Import.com,TRUE,,danielle lacelle,,,,,Online,
enterprise,Executive -field ,,,FALSE,QA1test83@Import.com,TRUE,,leonard landry,,,,,Online,
enterprise,Executive -field ,,,FALSE,QA1test84@Import.com,TRUE,,Pierre Laprade,,,,,Online,
enterprise,Executive -field ,,,FALSE,QA1test85@Import.com,TRUE,,Yannick Larouche,,,,,Online,
enterprise,Executive -field ,,,FALSE,QA1test86@Import.com,TRUE,,Mike Lavin,,,,,Online,
enterprise,Executive -field ,,,FALSE,QA1test87@Import.com,TRUE,,michael lemieux,,,,,Online,
enterprise,Executive -field ,,,FALSE,QA1test88@Import.com,TRUE,,susan lent,,,,,Online,
enterprise,Executive -field ,,,FALSE,QA1test89@Import.com,TRUE,,Maria Letson,,,,,Online,
enterprise,Executive -field ,,,FALSE,QA1test90@Import.com,TRUE,,Shelley MacDonald,,,,,Online,
enterprise,Executive -field ,,,FALSE,QA1test91@Import.com,TRUE,,devin mackay,,,,,Online,
enterprise,Executive -field ,,,FALSE,QA1test92@Import.com,TRUE,,Rebecca Mallett,,,,,Online,
enterprise,Executive -field ,,,FALSE,QA1test93@Import.com,TRUE,,Angela Malley,,,,,Online,
enterprise,Executive -field ,,,FALSE,QA1test94@Import.com,TRUE,,Vickie Marquez,,,,,Online,
enterprise,Executive -field ,,,FALSE,QA1test95@Import.com,TRUE,,Marcie McCarthy,,,,,Online,
enterprise,Executive -field ,,,FALSE,QA1test96@Import.com,TRUE,,lori mccullough,,,,,Online,
enterprise,Executive -field ,,,FALSE,QA1test97@Import.com,TRUE,,scott mcdade,,,,,Online,
enterprise,Executive -field ,,,FALSE,QA1test98@Import.com,TRUE,,colin mcfarlane,,,,,Online,
enterprise,Executive -field ,,,FALSE,QA1test99@Import.com,TRUE,,troy mcinerney,,,,,Online,
enterprise,Executive -field ,,,FALSE,QA1test100@Import.com,TRUE,,Stephanie McKinney,,,,,Online,
enterprise,Executive -field ,,,FALSE,QA1test101@Import.com,TRUE,,shelley moore,,,,,Online,
enterprise,Executive -field ,,,FALSE,QA1test102@Import.com,TRUE,,Christa Cox,,,,,Offline,
enterprise,Executive -field ,,,FALSE,QA1test103@Import.com,TRUE,,David Pye,,,,,Offline,
enterprise,Executive -field ,,,FALSE,QA1test104@Import.com,TRUE,,Enea Acconciamessa,,,,,Offline,
enterprise,Executive -field ,,,FALSE,QA1test105@Import.com,TRUE,,scott adams,,,,,Offline,
enterprise,Executive -field ,,,FALSE,QA1test106@Import.com,TRUE,,Lawrence Afolayan,,,,,Offline,
enterprise,Executive -field ,,,FALSE,QA1test107@Import.com,TRUE,,Ruth Allaby,,,,,Offline,
enterprise,Executive -field ,,,FALSE,QA1test108@Import.com,TRUE,,bettyjo Amirault,,,,,Offline,
enterprise,Executive -field ,,,FALSE,QA1test109@Import.com,TRUE,,Moussa Arezki,,,,,Offline,
enterprise,Executive -field ,,,FALSE,QA1test110@Import.com,TRUE,,airuh argosino,,,,,Offline,
enterprise,Executive -field ,,,FALSE,QA1test111@Import.com,TRUE,,Darrell Armstrong,,,,,Offline,
enterprise,Executive -field ,,,FALSE,QA1test112@Import.com,TRUE,,jason atkinson,,,,,Offline,
enterprise,Executive -field ,,,FALSE,QA1test113@Import.com,TRUE,,andre arongaus,,,,,Offline,
enterprise,Executive -field ,,,FALSE,QA1test114@Import.com,TRUE,,amira azha,,,,,Offline,
enterprise,Executive -field ,,,FALSE,QA1test115@Import.com,TRUE,,Oussama Azzouni,,,,,Offline,
enterprise,Executive -field ,,,FALSE,QA1test116@Import.com,TRUE,,Aliyu Bakare,,,,,Offline,
enterprise,Executive -field ,,,FALSE,QA1test117@Import.com,TRUE,,Janarthan Balakrish,,,,,Offline,
enterprise,Executive -field ,,,FALSE,QA1test118@Import.com,TRUE,,alicia barton,,,,,Offline,
enterprise,Executive -field ,,,FALSE,QA1test119@Import.com,TRUE,,Kathryn beale,,,,,Offline,
enterprise,Executive -field ,,,FALSE,QA1test120@Import.com,TRUE,,christian beaudoin,,,,,Offline,
enterprise,Executive -field ,,,FALSE,QA1test121@Import.com,TRUE,,arsene bokanga,,,,,Offline,
enterprise,Executive -field ,,,FALSE,QA1test122@Import.com,TRUE,,joseph boudrea,,,,,Offline,
enterprise,Executive -field ,,,FALSE,QA1test123@Import.com,TRUE,,Pamela Boyle,,,,,Offline,
enterprise,Executive -field ,,,FALSE,QA1test124@Import.com,TRUE,,Angela Branscombe,,,,,Offline,
enterprise,Executive -field ,,,FALSE,QA1test125@Import.com,TRUE,,debra buckley,,,,,Offline,
enterprise,Executive -field ,,,FALSE,QA1test126@Import.com,TRUE,,Garthur bungay,,,,,Offline,
enterprise,Executive -field ,,,FALSE,QA1test127@Import.com,TRUE,,lorraine butler,,,,,Offline,
enterprise,Executive -field ,,,FALSE,QA1test128@Import.com,TRUE,,jennifer calhoun,,,,,Offline,
enterprise,Executive -field ,,,FALSE,QA1test129@Import.com,TRUE,,robyn calvin,,,,,Offline,
enterprise,Executive -field ,,,FALSE,QA1test130@Import.com,TRUE,,devin campbell,,,,,Offline,
enterprise,Executive -field ,,,FALSE,QA1test131@Import.com,TRUE,,samantha.higgins,,,,,Offline,
enterprise,Executive -field ,,,FALSE,QA1test132@Import.com,TRUE,,jose castin,,,,,Offline,
enterprise,Executive -field ,,,FALSE,QA1test133@Import.com,TRUE,,danielle clarke,,,,,Offline,
enterprise,Executive -field ,,,FALSE,QA1test134@Import.com,TRUE,,conrad clements,,,,,Offline,
enterprise,Executive -field ,,,FALSE,QA1test135@Import.com,TRUE,,dillan cochran,,,,,Offline,
enterprise,Executive -field ,,,FALSE,QA1test136@Import.com,TRUE,,kim.codner,,,,,Offline,
enterprise,Executive -field ,,,FALSE,QA1test137@Import.com,TRUE,,Janice Colwell,,,,,Offline,
enterprise,Executive -field ,,,FALSE,QA1test138@Import.com,TRUE,,Bennett Comeau,,,,,Offline,
enterprise,Executive -field ,,,FALSE,QA1test139@Import.com,TRUE,,emma conradi,,,,,Offline,
enterprise,Executive -field ,,,FALSE,QA1test140@Import.com,TRUE,,Kathleen.Corcoran,,,,,Offline,
enterprise,Executive -field ,,,FALSE,QA1test141@Import.com,TRUE,,shaun crawford,,,,,Offline,
enterprise,Executive -field ,,,FALSE,QA1test142@Import.com,TRUE,,marjorie curtis,,,,,Offline,
enterprise,Executive -field ,,,FALSE,QA1test143@Import.com,TRUE,,doreen daley,,,,,Offline,
enterprise,Executive -field ,,,FALSE,QA1test144@Import.com,TRUE,,phillip dalling,,,,,Offline,
enterprise,Executive -field ,,,FALSE,QA1test145@Import.com,TRUE,,gloria deambrose,,,,,Offline,
enterprise,Executive -field ,,,FALSE,QA1test146@Import.com,TRUE,,Matthew DellaMalva,,,,,Offline,
enterprise,Executive -field ,,,FALSE,QA1test147@Import.com,TRUE,,Tom DeLong,,,,,Offline,
enterprise,Executive -field ,,,FALSE,QA1test148@Import.com,TRUE,,irene dempster,,,,,Offline,
enterprise,Executive -field ,,,FALSE,QA1test149@Import.com,TRUE,,mathieu desrosiers,,,,,Offline,
enterprise,Executive -field ,,,FALSE,QA1test150@Import.com,TRUE,,Lynn Dickie,,,,,Offline,
enterprise,Executive -field ,,,FALSE,QA1test151@Import.com,TRUE,,Elias Doha,,,,,Offline,
enterprise,Executive -field ,,,FALSE,QA1test152@Import.com,TRUE,,kelly donnelly,,,,,Offline,
enterprise,Executive -field ,,,FALSE,QA1test153@Import.com,TRUE,,Martina Doucette,,,,,Offline,
enterprise,Executive -field ,,,FALSE,QA1test154@Import.com,TRUE,,tammy duplessis,,,,,Offline,
enterprise,Executive -field ,,,FALSE,QA1test155@Import.com,TRUE,,Jeffrey Earle,,,,,Offline,
enterprise,Executive -field ,,,FALSE,QA1test156@Import.com,TRUE,,Valerie Fequiere,,,,,Offline,
enterprise,Executive -field ,,,FALSE,QA1test157@Import.com,TRUE,,Wendy Ferris,,,,,Offline,
enterprise,Executive -field ,,,FALSE,QA1test158@Import.com,TRUE,,mallory floyd,,,,,Offline,
enterprise,Executive -field ,,,FALSE,QA1test159@Import.com,TRUE,,robert founang,,,,,Offline,
enterprise,Executive -field ,,,FALSE,QA1test160@Import.com,TRUE,,Brittany Fowler,,,,,Offline,
enterprise,Executive -field ,,,FALSE,QA1test161@Import.com,TRUE,,Karen Fox,,,,,Offline,
enterprise,Executive -field ,,,FALSE,QA1test162@Import.com,TRUE,,kevin gillette,,,,,Offline,
enterprise,Executive -field ,,,FALSE,QA1test163@Import.com,TRUE,,denis gionet,,,,,Offline,
enterprise,Executive -field ,,,FALSE,QA1test164@Import.com,TRUE,,jeremy godfrey,,,,,Offline,
enterprise,Executive -field ,,,FALSE,QA1test165@Import.com,TRUE,,Rebecca Graves,,,,,Offline,
enterprise,Executive -field ,,,FALSE,QA1test166@Import.com,TRUE,,Darren Gray,,,,,Offline,
enterprise,Executive -field ,,,FALSE,QA1test167@Import.com,TRUE,,Gurvir Singh,,,,,Offline,
enterprise,Executive -field ,,,FALSE,QA1test168@Import.com,TRUE,,wayne hall,,,,,Offline,
enterprise,Executive -field ,,,FALSE,QA1test169@Import.com,TRUE,,Oussama Hamza,,,,,Offline,
enterprise,Executive -field ,,,FALSE,QA1test170@Import.com,TRUE,,beth hanlon,,,,,Offline,
enterprise,Executive -field ,,,FALSE,QA1test171@Import.com,TRUE,,kendall hartt,,,,,Offline,
enterprise,Executive -field ,,,FALSE,QA1test172@Import.com,TRUE,,willard henderson,,,,,Offline,
enterprise,Executive -field ,,,FALSE,QA1test173@Import.com,TRUE,,Robert Henwood,,,,,Offline,
enterprise,Executive -field ,,,FALSE,QA1test174@Import.com,TRUE,,samantha howe,,,,,Offline,
enterprise,Executive -field ,,,FALSE,QA1test175@Import.com,TRUE,,Tanya Hunter,,,,,Offline,
enterprise,Executive -field ,,,FALSE,QA1test176@Import.com,TRUE,,Derrick Hutchings,,,,,Offline,
enterprise,Executive -field ,,,FALSE,QA1test177@Import.com,TRUE,,ruth kalama,,,,,Offline,
enterprise,Executive -field ,,,FALSE,QA1test178@Import.com,TRUE,,Nicole Keffer,,,,,Offline,
enterprise,Executive -field ,,,FALSE,QA1test179@Import.com,TRUE,,Shelly Kelly,,,,,Offline,
enterprise,Executive -field ,,,FALSE,QA1test180@Import.com,TRUE,,william kelly,,,,,Offline,
enterprise,Executive -field ,,,FALSE,QA1test181@Import.com,TRUE,,matthew kemp,,,,,Offline,
enterprise,Executive -field ,,,FALSE,QA1test182@Import.com,TRUE,,Makrand Konkar,,,,,Offline,
enterprise,Executive -field ,,,FALSE,QA1test183@Import.com,TRUE,,danielle lacelle,,,,,Offline,
enterprise,Executive -field ,,,FALSE,QA1test184@Import.com,TRUE,,leonard landry,,,,,Offline,
enterprise,Executive -field ,,,FALSE,QA1test185@Import.com,TRUE,,Pierre Laprade,,,,,Offline,
enterprise,Executive -field ,,,FALSE,QA1test186@Import.com,TRUE,,Yannick Larouche,,,,,Offline,
enterprise,Executive -field ,,,FALSE,QA1test187@Import.com,TRUE,,Mike Lavin,,,,,Offline,
enterprise,Executive -field ,,,FALSE,QA1test188@Import.com,TRUE,,michael lemieux,,,,,Offline,
enterprise,Executive -field ,,,FALSE,QA1test189@Import.com,TRUE,,susan lent,,,,,Offline,
enterprise,Executive -field ,,,FALSE,QA1test190@Import.com,TRUE,,Maria Letson,,,,,Offline,
enterprise,Executive -field ,,,FALSE,QA1test191@Import.com,TRUE,,Shelley MacDonald,,,,,Offline,
enterprise,Executive -field ,,,FALSE,QA1test192@Import.com,TRUE,,devin mackay,,,,,Offline,
enterprise,Executive -field ,,,FALSE,QA1test193@Import.com,TRUE,,Rebecca Mallett,,,,,Offline,
enterprise,Executive -field ,,,FALSE,QA1test194@Import.com,TRUE,,Angela Malley,,,,,Offline,
enterprise,Executive -field ,,,FALSE,QA1test195@Import.com,TRUE,,Vickie Marquez,,,,,Offline,
enterprise,Executive -field ,,,FALSE,QA1test196@Import.com,TRUE,,Marcie McCarthy,,,,,Offline,
enterprise,Executive -field ,,,FALSE,QA1test197@Import.com,TRUE,,lori mccullough,,,,,Offline,
enterprise,Executive -field ,,,FALSE,QA1test198@Import.com,TRUE,,scott mcdade,,,,,Offline,
enterprise,Executive -field ,,,FALSE,QA1test199@Import.com,TRUE,,colin mcfarlane,,,,,Offline,
enterprise,Executive -field ,,,FALSE,QA1test200@Import.com,TRUE,,troy mcinerney,,,,,Offline,
enterprise,Executive -field ,,,FALSE,QA1test201@Import.com,TRUE,,Stephanie McKinney,,,,,Offline,
enterprise,Executive -field ,,,FALSE,QA1test202@Import.com,TRUE,,shelley moore,,,,,Offline,
enterprise,Executive -field ,,,FALSE,QA1test203@Import.com,TRUE,,Christa Cox,,,,,Offline,
enterprise,Executive -field ,,,FALSE,QA1test204@Import.com,TRUE,,David Pye,,,,,Offline,
enterprise,Executive -field ,,,FALSE,QA1test205@Import.com,TRUE,,Enea Acconciamessa,,,,,Offline,
enterprise,Executive -field ,,,FALSE,QA1test206@Import.com,TRUE,,scott adams,,,,,Offline,
enterprise,Executive -field ,,,FALSE,QA1test207@Import.com,TRUE,,Lawrence Afolayan,,,,,Offline,
enterprise,Executive -field ,,,FALSE,QA1test208@Import.com,TRUE,,Ruth Allaby,,,,,Offline,
enterprise,Executive -field ,,,FALSE,QA1test209@Import.com,TRUE,,bettyjo Amirault,,,,,Offline,
enterprise,Executive -field ,,,FALSE,QA1test210@Import.com,TRUE,,Moussa Arezki,,,,,Offline,
enterprise,Executive -field ,,,FALSE,QA1test211@Import.com,TRUE,,airuh argosino,,,,,Offline,
enterprise,Executive -field ,,,FALSE,QA1test212@Import.com,TRUE,,Darrell Armstrong,,,,,Offline,
enterprise,Executive -field ,,,FALSE,QA1test213@Import.com,TRUE,,jason atkinson,,,,,Offline,
enterprise,Executive -field ,,,FALSE,QA1test214@Import.com,TRUE,,andre arongaus,,,,,Offline,
enterprise,Executive -field ,,,FALSE,QA1test215@Import.com,TRUE,,amira azha,,,,,Offline,
enterprise,Executive -field ,,,FALSE,QA1test216@Import.com,TRUE,,Oussama Azzouni,,,,,Offline,
enterprise,Executive -field ,,,FALSE,QA1test217@Import.com,TRUE,,Aliyu Bakare,,,,,Offline,
enterprise,Executive -field ,,,FALSE,QA1test218@Import.com,TRUE,,Janarthan Balakrish,,,,,Offline,
enterprise,Executive -field ,,,FALSE,QA1test219@Import.com,TRUE,,alicia barton,,,,,Offline,
enterprise,Executive -field ,,,FALSE,QA1test220@Import.com,TRUE,,Kathryn beale,,,,,Offline,
enterprise,Executive -field ,,,FALSE,QA1test221@Import.com,TRUE,,christian beaudoin,,,,,Offline,
enterprise,Executive -field ,,,FALSE,QA1test222@Import.com,TRUE,,arsene bokanga,,,,,Offline,
enterprise,Executive -field ,,,FALSE,QA1test223@Import.com,TRUE,,joseph boudrea,,,,,Offline,
enterprise,Executive -field ,,,FALSE,QA1test224@Import.com,TRUE,,Pamela Boyle,,,,,Offline,
enterprise,Executive -field ,,,FALSE,QA1test225@Import.com,TRUE,,Angela Branscombe,,,,,Offline,
enterprise,Executive -field ,,,FALSE,QA1test226@Import.com,TRUE,,debra buckley,,,,,Offline,
enterprise,Executive -field ,,,FALSE,QA1test227@Import.com,TRUE,,Garthur bungay,,,,,Offline,
enterprise,Executive -field ,,,FALSE,QA1test228@Import.com,TRUE,,lorraine butler,,,,,Offline,
enterprise,Executive -field ,,,FALSE,QA1test229@Import.com,TRUE,,jennifer calhoun,,,,,Offline,
enterprise,Executive -field ,,,FALSE,QA1test230@Import.com,TRUE,,robyn calvin,,,,,Offline,
enterprise,Executive -field ,,,FALSE,QA1test231@Import.com,TRUE,,devin campbell,,,,,Offline,
enterprise,Executive -field ,,,FALSE,QA1test232@Import.com,TRUE,,samantha.higgins,,,,,Offline,
enterprise,Executive -field ,,,FALSE,QA1test233@Import.com,TRUE,,jose castin,,,,,Offline,
enterprise,Executive -field ,,,FALSE,QA1test234@Import.com,TRUE,,danielle clarke,,,,,Offline,
enterprise,Executive -field ,,,FALSE,QA1test235@Import.com,TRUE,,conrad clements,,,,,Offline,
enterprise,Executive -field ,,,FALSE,QA1test236@Import.com,TRUE,,dillan cochran,,,,,Offline,
enterprise,Executive -field ,,,FALSE,QA1test237@Import.com,TRUE,,kim.codner,,,,,Offline,
enterprise,Executive -field ,,,FALSE,QA1test238@Import.com,TRUE,,Janice Colwell,,,,,Offline,
enterprise,Executive -field ,,,FALSE,QA1test239@Import.com,TRUE,,Bennett Comeau,,,,,Offline,
enterprise,Executive -field ,,,FALSE,QA1test240@Import.com,TRUE,,emma conradi,,,,,Offline,
enterprise,Executive -field ,,,FALSE,QA1test241@Import.com,TRUE,,Kathleen.Corcoran,,,,,Offline,
enterprise,Executive -field ,,,FALSE,QA1test242@Import.com,TRUE,,shaun crawford,,,,,Offline,
enterprise,Executive -field ,,,FALSE,QA1test243@Import.com,TRUE,,marjorie curtis,,,,,Offline,
enterprise,Executive -field ,,,FALSE,QA1test244@Import.com,TRUE,,doreen daley,,,,,Offline,
enterprise,Executive -field ,,,FALSE,QA1test245@Import.com,TRUE,,phillip dalling,,,,,Offline,
enterprise,Executive -field ,,,FALSE,QA1test246@Import.com,TRUE,,gloria deambrose,,,,,Offline,
enterprise,Executive -field ,,,FALSE,QA1test247@Import.com,TRUE,,Matthew DellaMalva,,,,,Offline,
enterprise,Executive -field ,,,FALSE,QA1test248@Import.com,TRUE,,Tom DeLong,,,,,Offline,
enterprise,Executive -field ,,,FALSE,QA1test249@Import.com,TRUE,,irene dempster,,,,,Offline,
enterprise,Executive -field ,,,FALSE,QA1test250@Import.com,TRUE,,mathieu desrosiers,,,,,Offline,
enterprise,Executive -field ,,,FALSE,QA1test251@Import.com,TRUE,,CHRISTA COSSS,,,,,Offline,
enterprise,Executive -field ,,,FALSE,QA1test252@Import.com,TRUE,,David Pye,,,,,Offline,
enterprise,Executive -field ,,,FALSE,QA1test253@Import.com,TRUE,,Enea Acconciamessa,,,,,Offline,
enterprise,Executive -field ,,,FALSE,QA1test254@Import.com,TRUE,,scott adams,,,,,Offline,
enterprise,Executive -field ,,,FALSE,QA1test255@Import.com,TRUE,,Lawrence Afolayan,,,,,Offline,
enterprise,Executive -field ,,,FALSE,QA1test256@Import.com,TRUE,,Ruth Allaby,,,,,Offline,
enterprise,Executive -field ,,,FALSE,QA1test257@Import.com,TRUE,,bettyjo Amirault,,,,,Offline,
enterprise,Executive -field ,,,FALSE,QA1test258@Import.com,TRUE,,Moussa Arezki,,,,,Offline,
enterprise,Executive -field ,,,FALSE,QA1test259@Import.com,TRUE,,airuh argosino,,,,,Offline,
enterprise,Executive -field ,,,FALSE,QA1test260@Import.com,TRUE,,Darrell Armstrong,,,,,Offline,
enterprise,Executive -field ,,,FALSE,QA1test261@Import.com,TRUE,,jason atkinson,,,,,Offline,
enterprise,Executive -field ,,,FALSE,QA1test262@Import.com,TRUE,,andre arongaus,,,,,Offline,
enterprise,Executive -field ,,,FALSE,QA1test263@Import.com,TRUE,,amira azha,,,,,Offline,
enterprise,Executive -field ,,,FALSE,QA1test264@Import.com,TRUE,,Oussama Azzouni,,,,,Offline,
enterprise,Executive -field ,,,FALSE,QA1test265@Import.com,TRUE,,Aliyu Bakare,,,,,Offline,
enterprise,Executive -field ,,,FALSE,QA1test266@Import.com,TRUE,,Janarthan Balakrish,,,,,Offline,
enterprise,Executive -field ,,,FALSE,QA1test267@Import.com,TRUE,,alicia barton,,,,,Offline,
enterprise,Executive -field ,,,FALSE,QA1test268@Import.com,TRUE,,Kathryn beale,,,,,Offline,
enterprise,Executive -field ,,,FALSE,QA1test269@Import.com,TRUE,,christian beaudoin,,,,,Offline,
enterprise,Executive -field ,,,FALSE,QA1test270@Import.com,TRUE,,arsene bokanga,,,,,Offline,
enterprise,Executive -field ,,,FALSE,QA1test271@Import.com,TRUE,,joseph boudrea,,,,,Offline,
enterprise,Executive -field ,,,FALSE,QA1test272@Import.com,TRUE,,Pamela Boyle,,,,,Offline,
enterprise,Executive -field ,,,FALSE,QA1test273@Import.com,TRUE,,Angela Branscombe,,,,,Offline,
enterprise,Executive -field ,,,FALSE,QA1test274@Import.com,TRUE,,debra buckley,,,,,Offline,
enterprise,Executive -field ,,,FALSE,QA1test275@Import.com,TRUE,,Garthur bungay,,,,,Offline,
enterprise,Executive -field ,,,FALSE,QA1test276@Import.com,TRUE,,lorraine butler,,,,,Offline,
enterprise,Executive -field ,,,FALSE,QA1test277@Import.com,TRUE,,jennifer calhoun,,,,,Offline,
enterprise,Executive -field ,,,FALSE,QA1test278@Import.com,TRUE,,robyn calvin,,,,,Offline,
enterprise,Executive -field ,,,FALSE,QA1test279@Import.com,TRUE,,devin campbell,,,,,Offline,
enterprise,Executive -field ,,,FALSE,QA1test280@Import.com,TRUE,,samantha.higgins,,,,,Offline,
enterprise,Executive -field ,,,FALSE,QA1test281@Import.com,TRUE,,jose castin,,,,,Offline,
enterprise,Executive -field ,,,FALSE,QA1test282@Import.com,TRUE,,danielle clarke,,,,,Offline,
enterprise,Executive -field ,,,FALSE,QA1test283@Import.com,TRUE,,conrad clements,,,,,Offline,
enterprise,Executive -field ,,,FALSE,QA1test284@Import.com,TRUE,,dillan cochran,,,,,Offline,
enterprise,Executive -field ,,,FALSE,QA1test285@Import.com,TRUE,,kim.codner,,,,,Offline,
enterprise,Executive -field ,,,FALSE,QA1test286@Import.com,TRUE,,Janice Colwell,,,,,Offline,
enterprise,Executive -field ,,,FALSE,QA1test287@Import.com,TRUE,,Bennett Comeau,,,,,Offline,
enterprise,Executive -field ,,,FALSE,QA1test288@Import.com,TRUE,,emma conradi,,,,,Offline,
enterprise,Executive -field ,,,FALSE,QA1test289@Import.com,TRUE,,Kathleen.Corcoran,,,,,Offline,
enterprise,Executive -field ,,,FALSE,QA1test290@Import.com,TRUE,,shaun crawford,,,,,Offline,
enterprise,Executive -field ,,,FALSE,QA1test291@Import.com,TRUE,,marjorie curtis,,,,,Offline,
enterprise,Executive -field ,,,FALSE,QA1test292@Import.com,TRUE,,doreen daley,,,,,Offline,
enterprise,Executive -field ,,,FALSE,QA1test293@Import.com,TRUE,,phillip dalling,,,,,Offline,
enterprise,Executive -field ,,,FALSE,QA1test294@Import.com,TRUE,,gloria deambrose,,,,,Offline,
enterprise,Executive -field ,,,FALSE,QA1test295@Import.com,TRUE,,Matthew DellaMalva,,,,,Offline,
enterprise,Executive -field ,,,FALSE,QA1test296@Import.com,TRUE,,Tom DeLong,,,,,Offline,
enterprise,Executive -field ,,,FALSE,QA1test297@Import.com,TRUE,,irene dempster,,,,,Offline,
enterprise,Executive -field ,,,FALSE,QA1test298@Import.com,TRUE,,mathieu desrosiers,,,,,Offline,
enterprise,Executive -field ,,,FALSE,QA1test299@Import.com,TRUE,,Lynn Dickie,,,,,Offline,
enterprise,Executive -field ,,,FALSE,QA1test300@Import.com,TRUE,,Elias Doha,,,,,Offline,
enterprise,Executive -field ,,,FALSE,QA1test301@Import.com,TRUE,,kelly donnelly,,,,,Offline,
enterprise,Executive -field ,,,FALSE,QA1test302@Import.com,TRUE,,Martina Doucette,,,,,Offline,
enterprise,Executive -field ,,,FALSE,QA1test303@Import.com,TRUE,,tammy duplessis,,,,,Offline,
enterprise,Executive -field ,,,FALSE,QA1test304@Import.com,TRUE,,Jeffrey Earle,,,,,Offline,
enterprise,Executive -field ,,,FALSE,QA1test305@Import.com,TRUE,,Valerie Fequiere,,,,,Offline,
enterprise,Executive -field ,,,FALSE,QA1test306@Import.com,TRUE,,Wendy Ferris,,,,,Offline,
enterprise,Executive -field ,,,FALSE,QA1test307@Import.com,TRUE,,mallory floyd,,,,,Offline,
enterprise,Executive -field ,,,FALSE,QA1test308@Import.com,TRUE,,robert founang,,,,,Offline,
enterprise,Executive -field ,,,FALSE,QA1test309@Import.com,TRUE,,Brittany Fowler,,,,,Offline,
enterprise,Executive -field ,,,FALSE,QA1test310@Import.com,TRUE,,Karen Fox,,,,,Offline,
enterprise,Executive -field ,,,FALSE,QA1test311@Import.com,TRUE,,kevin gillette,,,,,Offline,
enterprise,Executive -field ,,,FALSE,QA1test312@Import.com,TRUE,,denis gionet,,,,,Offline,
enterprise,Executive -field ,,,FALSE,QA1test313@Import.com,TRUE,,jeremy godfrey,,,,,Offline,
enterprise,Executive -field ,,,FALSE,QA1test314@Import.com,TRUE,,Rebecca Graves,,,,,Offline,
enterprise,Executive -field ,,,FALSE,QA1test315@Import.com,TRUE,,Darren Gray,,,,,Offline,
enterprise,Executive -field ,,,FALSE,QA1test316@Import.com,TRUE,,Gurvir Singh,,,,,Offline,
enterprise,Executive -field ,,,FALSE,QA1test317@Import.com,TRUE,,wayne hall,,,,,Offline,
enterprise,Executive -field ,,,FALSE,QA1test318@Import.com,TRUE,,Oussama Hamza,,,,,Offline,
enterprise,Executive -field ,,,FALSE,QA1test319@Import.com,TRUE,,beth hanlon,,,,,Offline,
enterprise,Executive -field ,,,FALSE,QA1test320@Import.com,TRUE,,kendall hartt,,,,,Offline,
enterprise,Executive -field ,,,FALSE,QA1test321@Import.com,TRUE,,willard henderson,,,,,Offline,
enterprise,Executive -field ,,,FALSE,QA1test322@Import.com,TRUE,,Robert Henwood,,,,,Offline,
enterprise,Executive -field ,,,FALSE,QA1test323@Import.com,TRUE,,samantha howe,,,,,Offline,
enterprise,Executive -field ,,,FALSE,QA1test324@Import.com,TRUE,,Tanya Hunter,,,,,Offline,
enterprise,Executive -field ,,,FALSE,QA1test325@Import.com,TRUE,,Derrick Hutchings,,,,,Offline,
enterprise,Executive -field ,,,FALSE,QA1test326@Import.com,TRUE,,ruth kalama,,,,,Offline,
enterprise,Executive -field ,,,FALSE,QA1test327@Import.com,TRUE,,Nicole Keffer,,,,,Offline,
enterprise,Executive -field ,,,FALSE,QA1test328@Import.com,TRUE,,Shelly Kelly,,,,,Offline,
enterprise,Executive -field ,,,FALSE,QA1test329@Import.com,TRUE,,william kelly,,,,,Offline,
enterprise,Executive -field ,,,FALSE,QA1test330@Import.com,TRUE,,matthew kemp,,,,,Offline,
enterprise,Executive -field ,,,FALSE,QA1test331@Import.com,TRUE,,Makrand Konkar,,,,,Offline,
enterprise,Executive -field ,,,FALSE,QA1test332@Import.com,TRUE,,danielle lacelle,,,,,Offline,
enterprise,Executive -field ,,,FALSE,QA1test333@Import.com,TRUE,,leonard landry,,,,,Offline,
enterprise,Executive -field ,,,FALSE,QA1test334@Import.com,TRUE,,Pierre Laprade,,,,,Offline,
enterprise,Executive -field ,,,FALSE,QA1test335@Import.com,TRUE,,Yannick Larouche,,,,,Offline,
enterprise,Executive -field ,,,FALSE,QA1test336@Import.com,TRUE,,Mike Lavin,,,,,Offline,
enterprise,Executive -field ,,,FALSE,QA1test337@Import.com,TRUE,,michael lemieux,,,,,Offline,
enterprise,Executive -field ,,,FALSE,QA1test338@Import.com,TRUE,,susan lent,,,,,Offline,
enterprise,Executive -field ,,,FALSE,QA1test339@Import.com,TRUE,,Maria Letson,,,,,Offline,
enterprise,Executive -field ,,,FALSE,QA1test340@Import.com,TRUE,,Shelley MacDonald,,,,,Offline,
enterprise,Executive -field ,,,FALSE,QA1test341@Import.com,TRUE,,devin mackay,,,,,Offline,
enterprise,Executive -field ,,,FALSE,QA1test342@Import.com,TRUE,,Rebecca Mallett,,,,,Offline,
enterprise,Executive -field ,,,FALSE,QA1test343@Import.com,TRUE,,Angela Malley,,,,,Offline,
enterprise,Executive -field ,,,FALSE,QA1test344@Import.com,TRUE,,Vickie Marquez,,,,,Offline,
enterprise,Executive -field ,,,FALSE,QA1test345@Import.com,TRUE,,Marcie McCarthy,,,,,Offline,
enterprise,Executive -field ,,,FALSE,QA1test346@Import.com,TRUE,,lori mccullough,,,,,Offline,
enterprise,Executive -field ,,,FALSE,QA1test347@Import.com,TRUE,,scott mcdade,,,,,Offline,
enterprise,Executive -field ,,,FALSE,QA1test348@Import.com,TRUE,,colin mcfarlane,,,,,Offline,
enterprise,Executive -field ,,,FALSE,QA1test349@Import.com,TRUE,,troy mcinerney,,,,,Offline,
enterprise,Executive -field ,,,FALSE,QA1test350@Import.com,TRUE,,Stephanie McKinney,,,,,Offline,
enterprise,Executive -field ,,,FALSE,QA1test351@Import.com,TRUE,,shelley moore,,,,,Offline,
enterprise,Executive -field ,,,FALSE,QA1test352@Import.com,TRUE,,Christa Cox,,,,,Offline,
enterprise,Executive -field ,,,FALSE,QA1test353@Import.com,TRUE,,David Pye,,,,,Offline,
enterprise,Executive -field ,,,FALSE,QA1test354@Import.com,TRUE,,Enea Acconciamessa,,,,,Offline,
enterprise,Executive -field ,,,FALSE,QA1test355@Import.com,TRUE,,scott adams,,,,,Offline,
enterprise,Executive -field ,,,FALSE,QA1test356@Import.com,TRUE,,Lawrence Afolayan,,,,,Offline,
enterprise,Executive -field ,,,FALSE,QA1test357@Import.com,TRUE,,Ruth Allaby,,,,,Offline,
enterprise,Executive -field ,,,FALSE,QA1test358@Import.com,TRUE,,bettyjo Amirault,,,,,Offline,
enterprise,Executive -field ,,,FALSE,QA1test359@Import.com,TRUE,,Moussa Arezki,,,,,Offline,
enterprise,Executive -field ,,,FALSE,QA1test360@Import.com,TRUE,,airuh argosino,,,,,Offline,
enterprise,Executive -field ,,,FALSE,QA1test361@Import.com,TRUE,,Darrell Armstrong,,,,,Offline,
enterprise,Executive -field ,,,FALSE,QA1test362@Import.com,TRUE,,jason atkinson,,,,,Offline,
enterprise,Executive -field ,,,FALSE,QA1test363@Import.com,TRUE,,andre arongaus,,,,,Offline,
enterprise,Executive -field ,,,FALSE,QA1test364@Import.com,TRUE,,amira azha,,,,,Offline,
enterprise,Executive -field ,,,FALSE,QA1test365@Import.com,TRUE,,Oussama Azzouni,,,,,Offline,
enterprise,Executive -field ,,,FALSE,QA1test366@Import.com,TRUE,,Aliyu Bakare,,,,,Offline,
enterprise,Executive -field ,,,FALSE,QA1test367@Import.com,TRUE,,Janarthan Balakrish,,,,,Offline,
enterprise,Executive -field ,,,FALSE,QA1test368@Import.com,TRUE,,alicia barton,,,,,Offline,
enterprise,Executive -field ,,,FALSE,QA1test369@Import.com,TRUE,,Kathryn beale,,,,,Offline,
enterprise,Executive -field ,,,FALSE,QA1test370@Import.com,TRUE,,christian beaudoin,,,,,Offline,
enterprise,Executive -field ,,,FALSE,QA1test371@Import.com,TRUE,,arsene bokanga,,,,,Offline,
enterprise,Executive -field ,,,FALSE,QA1test372@Import.com,TRUE,,joseph boudrea,,,,,Offline,
enterprise,Executive -field ,,,FALSE,QA1test373@Import.com,TRUE,,Pamela Boyle,,,,,Offline,
enterprise,Executive -field ,,,FALSE,QA1test374@Import.com,TRUE,,Angela Branscombe,,,,,Offline,
enterprise,Executive -field ,,,FALSE,QA1test375@Import.com,TRUE,,debra buckley,,,,,Offline,
enterprise,Executive -field ,,,FALSE,QA1test376@Import.com,TRUE,,Garthur bungay,,,,,Offline,
enterprise,Executive -field ,,,FALSE,QA1test377@Import.com,TRUE,,lorraine butler,,,,,Offline,
enterprise,Executive -field ,,,FALSE,QA1test378@Import.com,TRUE,,jennifer calhoun,,,,,Offline,
enterprise,Executive -field ,,,FALSE,QA1test379@Import.com,TRUE,,robyn calvin,,,,,Offline,
enterprise,Executive -field ,,,FALSE,QA1test380@Import.com,TRUE,,devin campbell,,,,,Offline,
enterprise,Executive -field ,,,FALSE,QA1test381@Import.com,TRUE,,samantha.higgins,,,,,Offline,
enterprise,Executive -field ,,,FALSE,QA1test382@Import.com,TRUE,,jose castin,,,,,Offline,
enterprise,Executive -field ,,,FALSE,QA1test383@Import.com,TRUE,,danielle clarke,,,,,Offline,
enterprise,Executive -field ,,,FALSE,QA1test384@Import.com,TRUE,,conrad clements,,,,,Offline,
enterprise,Executive -field ,,,FALSE,QA1test385@Import.com,TRUE,,dillan cochran,,,,,Offline,
enterprise,Executive -field ,,,FALSE,QA1test386@Import.com,TRUE,,kim.codner,,,,,Offline,
enterprise,Executive -field ,,,FALSE,QA1test387@Import.com,TRUE,,Janice Colwell,,,,,Offline,
enterprise,Executive -field ,,,FALSE,QA1test388@Import.com,TRUE,,Bennett Comeau,,,,,Offline,
enterprise,Executive -field ,,,FALSE,QA1test389@Import.com,TRUE,,emma conradi,,,,,Offline,
enterprise,Executive -field ,,,FALSE,QA1test390@Import.com,TRUE,,Kathleen.Corcoran,,,,,Offline,
enterprise,Executive -field ,,,FALSE,QA1test391@Import.com,TRUE,,shaun crawford,,,,,Offline,
enterprise,Executive -field ,,,FALSE,QA1test392@Import.com,TRUE,,marjorie curtis,,,,,Offline,
enterprise,Executive -field ,,,FALSE,QA1test393@Import.com,TRUE,,doreen daley,,,,,Offline,
enterprise,Executive -field ,,,FALSE,QA1test394@Import.com,TRUE,,phillip dalling,,,,,Offline,
enterprise,Executive -field ,,,FALSE,QA1test395@Import.com,TRUE,,gloria deambrose,,,,,Offline,
enterprise,Executive -field ,,,FALSE,QA1test396@Import.com,TRUE,,Matthew DellaMalva,,,,,Offline,
enterprise,Executive -field ,,,FALSE,QA1test397@Import.com,TRUE,,Tom DeLong,,,,,Offline,
enterprise,Executive -field ,,,FALSE,QA1test398@Import.com,TRUE,,irene dempster,,,,,Offline,
enterprise,Executive -field ,,,FALSE,QA1test399@Import.com,TRUE,,mathieu desrosiers,,,,,Offline,
enterprise,Executive -field ,,,FALSE,QA1test400@Import.com,TRUE,,Lynn Dickie,,,,,Offline,
enterprise,Executive -field ,,,FALSE,QA1test401@Import.com,TRUE,,Elias Doha,,,,,Offline,
enterprise,Executive -field ,,,FALSE,QA1test402@Import.com,TRUE,,kelly donnelly,,,,,Offline,
enterprise,Executive -field ,,,FALSE,QA1test403@Import.com,TRUE,,Martina Doucette,,,,,Offline,
enterprise,Executive -field ,,,FALSE,QA1test404@Import.com,TRUE,,tammy duplessis,,,,,Offline,
enterprise,Executive -field ,,,FALSE,QA1test405@Import.com,TRUE,,Jeffrey Earle,,,,,Offline,
enterprise,Executive -field ,,,FALSE,QA1test406@Import.com,TRUE,,Valerie Fequiere,,,,,Offline,
enterprise,Executive -field ,,,FALSE,QA1test407@Import.com,TRUE,,Wendy Ferris,,,,,Offline,
enterprise,Executive -field ,,,FALSE,QA1test408@Import.com,TRUE,,mallory floyd,,,,,Offline,
enterprise,Executive -field ,,,FALSE,QA1test409@Import.com,TRUE,,robert founang,,,,,Offline,
enterprise,Executive -field ,,,FALSE,QA1test410@Import.com,TRUE,,Brittany Fowler,,,,,Offline,
enterprise,Executive -field ,,,FALSE,QA1test411@Import.com,TRUE,,Karen Fox,,,,,Offline,
enterprise,Executive -field ,,,FALSE,QA1test412@Import.com,TRUE,,kevin gillette,,,,,Offline,
enterprise,Executive -field ,,,FALSE,QA1test413@Import.com,TRUE,,denis gionet,,,,,Offline,
enterprise,Executive -field ,,,FALSE,QA1test414@Import.com,TRUE,,jeremy godfrey,,,,,Offline,
enterprise,Executive -field ,,,FALSE,QA1test415@Import.com,TRUE,,Rebecca Graves,,,,,Offline,
enterprise,Executive -field ,,,FALSE,QA1test416@Import.com,TRUE,,Darren Gray,,,,,Offline,
enterprise,Executive -field ,,,FALSE,QA1test417@Import.com,TRUE,,Gurvir Singh,,,,,Offline,
enterprise,Executive -field ,,,FALSE,QA1test418@Import.com,TRUE,,wayne hall,,,,,Offline,
enterprise,Executive -field ,,,FALSE,QA1test419@Import.com,TRUE,,Oussama Hamza,,,,,Offline,
enterprise,Executive -field ,,,FALSE,QA1test420@Import.com,TRUE,,beth hanlon,,,,,Offline,
enterprise,Executive -field ,,,FALSE,QA1test421@Import.com,TRUE,,kendall hartt,,,,,Offline,
enterprise,Executive -field ,,,FALSE,QA1test422@Import.com,TRUE,,willard henderson,,,,,Offline,
enterprise,Executive -field ,,,FALSE,QA1test423@Import.com,TRUE,,Robert Henwood,,,,,Offline,
enterprise,Executive -field ,,,FALSE,QA1test424@Import.com,TRUE,,samantha howe,,,,,Offline,
enterprise,Executive -field ,,,FALSE,QA1test425@Import.com,TRUE,,Tanya Hunter,,,,,Offline,
enterprise,Executive -field ,,,FALSE,QA1test426@Import.com,TRUE,,Derrick Hutchings,,,,,Offline,
enterprise,Executive -field ,,,FALSE,QA1test427@Import.com,TRUE,,ruth kalama,,,,,Offline,
enterprise,Executive -field ,,,FALSE,QA1test428@Import.com,TRUE,,Nicole Keffer,,,,,Offline,
enterprise,Executive -field ,,,FALSE,QA1test429@Import.com,TRUE,,Shelly Kelly,,,,,Offline,
enterprise,Executive -field ,,,FALSE,QA1test430@Import.com,TRUE,,william kelly,,,,,Offline,
enterprise,Executive -field ,,,FALSE,QA1test431@Import.com,TRUE,,matthew kemp,,,,,Offline,
enterprise,Executive -field ,,,FALSE,QA1test432@Import.com,TRUE,,Makrand Konkar,,,,,Offline,
enterprise,Executive -field ,,,FALSE,QA1test433@Import.com,TRUE,,danielle lacelle,,,,,Offline,
enterprise,Executive -field ,,,FALSE,QA1test434@Import.com,TRUE,,leonard landry,,,,,Offline,
enterprise,Executive -field ,,,FALSE,QA1test435@Import.com,TRUE,,Pierre Laprade,,,,,Offline,
enterprise,Executive -field ,,,FALSE,QA1test436@Import.com,TRUE,,Yannick Larouche,,,,,Offline,
enterprise,Executive -field ,,,FALSE,QA1test437@Import.com,TRUE,,Mike Lavin,,,,,Offline,
enterprise,Executive -field ,,,FALSE,QA1test438@Import.com,TRUE,,michael lemieux,,,,,Offline,
enterprise,Executive -field ,,,FALSE,QA1test439@Import.com,TRUE,,susan lent,,,,,Offline,
enterprise,Executive -field ,,,FALSE,QA1test440@Import.com,TRUE,,Maria Letson,,,,,Offline,
enterprise,Executive -field ,,,FALSE,QA1test441@Import.com,TRUE,,Shelley MacDonald,,,,,Offline,
enterprise,Executive -field ,,,FALSE,QA1test442@Import.com,TRUE,,devin mackay,,,,,Offline,
enterprise,Executive -field ,,,FALSE,QA1test443@Import.com,TRUE,,Rebecca Mallett,,,,,Offline,
enterprise,Executive -field ,,,FALSE,QA1test444@Import.com,TRUE,,Angela Malley,,,,,Offline,
enterprise,Executive -field ,,,FALSE,QA1test445@Import.com,TRUE,,Vickie Marquez,,,,,Offline,
enterprise,Executive -field ,,,FALSE,QA1test446@Import.com,TRUE,,Marcie McCarthy,,,,,Offline,
enterprise,Executive -field ,,,FALSE,QA1test447@Import.com,TRUE,,lori mccullough,,,,,Offline,
enterprise,Executive -field ,,,FALSE,QA1test448@Import.com,TRUE,,scott mcdade,,,,,Offline,
enterprise,Executive -field ,,,FALSE,QA1test449@Import.com,TRUE,,colin mcfarlane,,,,,Offline,
enterprise,Executive -field ,,,FALSE,QA1test450@Import.com,TRUE,,troy mcinerney,,,,,Offline,
enterprise,Executive -field ,,,FALSE,QA1test451@Import.com,TRUE,,Stephanie McKinney,,,,,Offline,
enterprise,Executive -field ,,,FALSE,QA1test452@Import.com,TRUE,,shelley moore,,,,,Offline,
enterprise,Executive -field ,,,FALSE,QA1test453@Import.com,TRUE,,Christa Cox,,,,,Offline,
enterprise,Executive -field ,,,FALSE,QA1test454@Import.com,TRUE,,David Pye,,,,,Offline,
enterprise,Executive -field ,,,FALSE,QA1test455@Import.com,TRUE,,Enea Acconciamessa,,,,,Offline,
enterprise,Executive -field ,,,FALSE,QA1test456@Import.com,TRUE,,scott adams,,,,,Offline,
enterprise,Executive -field ,,,FALSE,QA1test457@Import.com,TRUE,,Lawrence Afolayan,,,,,Offline,
enterprise,Executive -field ,,,FALSE,QA1test458@Import.com,TRUE,,Ruth Allaby,,,,,Offline,
enterprise,Executive -field ,,,FALSE,QA1test459@Import.com,TRUE,,bettyjo Amirault,,,,,Offline,
enterprise,Executive -field ,,,FALSE,QA1test460@Import.com,TRUE,,Moussa Arezki,,,,,Offline,
enterprise,Executive -field ,,,FALSE,QA1test461@Import.com,TRUE,,airuh argosino,,,,,Offline,
enterprise,Executive -field ,,,FALSE,QA1test462@Import.com,TRUE,,Darrell Armstrong,,,,,Offline,
enterprise,Executive -field ,,,FALSE,QA1test463@Import.com,TRUE,,jason atkinson,,,,,Offline,
enterprise,Executive -field ,,,FALSE,QA1test464@Import.com,TRUE,,andre arongaus,,,,,Offline,
enterprise,Executive -field ,,,FALSE,QA1test465@Import.com,TRUE,,amira azha,,,,,Offline,
enterprise,Executive -field ,,,FALSE,QA1test466@Import.com,TRUE,,Oussama Azzouni,,,,,Offline,
enterprise,Executive -field ,,,FALSE,QA1test467@Import.com,TRUE,,Aliyu Bakare,,,,,Offline,
enterprise,Executive -field ,,,FALSE,QA1test468@Import.com,TRUE,,Janarthan Balakrish,,,,,Offline,
enterprise,Executive -field ,,,FALSE,QA1test469@Import.com,TRUE,,alicia barton,,,,,Offline,
enterprise,Executive -field ,,,FALSE,QA1test470@Import.com,TRUE,,Kathryn beale,,,,,Offline,
enterprise,Executive -field ,,,FALSE,QA1test471@Import.com,TRUE,,christian beaudoin,,,,,Offline,
enterprise,Executive -field ,,,FALSE,QA1test472@Import.com,TRUE,,arsene bokanga,,,,,Offline,
enterprise,Executive -field ,,,FALSE,QA1test473@Import.com,TRUE,,joseph boudrea,,,,,Offline,
enterprise,Executive -field ,,,FALSE,QA1test474@Import.com,TRUE,,Pamela Boyle,,,,,Offline,
enterprise,Executive -field ,,,FALSE,QA1test475@Import.com,TRUE,,Angela Branscombe,,,,,Offline,
enterprise,Executive -field ,,,FALSE,QA1test476@Import.com,TRUE,,debra buckley,,,,,Offline,
enterprise,Executive -field ,,,FALSE,QA1test477@Import.com,TRUE,,Garthur bungay,,,,,Offline,
enterprise,Executive -field ,,,FALSE,QA1test478@Import.com,TRUE,,lorraine butler,,,,,Offline,
enterprise,Executive -field ,,,FALSE,QA1test479@Import.com,TRUE,,jennifer calhoun,,,,,Offline,
enterprise,Executive -field ,,,FALSE,QA1test480@Import.com,TRUE,,robyn calvin,,,,,Offline,
enterprise,Executive -field ,,,FALSE,QA1test481@Import.com,TRUE,,devin campbell,,,,,Offline,
enterprise,Executive -field ,,,FALSE,QA1test482@Import.com,TRUE,,samantha.higgins,,,,,Offline,
enterprise,Executive -field ,,,FALSE,QA1test483@Import.com,TRUE,,jose castin,,,,,Offline,
enterprise,Executive -field ,,,FALSE,QA1test484@Import.com,TRUE,,danielle clarke,,,,,Offline,
enterprise,Executive -field ,,,FALSE,QA1test485@Import.com,TRUE,,conrad clements,,,,,Offline,
enterprise,Executive -field ,,,FALSE,QA1test486@Import.com,TRUE,,dillan cochran,,,,,Offline,
enterprise,Executive -field ,,,FALSE,QA1test487@Import.com,TRUE,,kim.codner,,,,,Offline,
enterprise,Executive -field ,,,FALSE,QA1test488@Import.com,TRUE,,Janice Colwell,,,,,Offline,
enterprise,Executive -field ,,,FALSE,QA1test489@Import.com,TRUE,,Bennett Comeau,,,,,Offline,
enterprise,Executive -field ,,,FALSE,QA1test490@Import.com,TRUE,,emma conradi,,,,,Offline,
enterprise,Executive -field ,,,FALSE,QA1test491@Import.com,TRUE,,Kathleen.Corcoran,,,,,Offline,
enterprise,Executive -field ,,,FALSE,QA1test492@Import.com,TRUE,,shaun crawford,,,,,Offline,
enterprise,Executive -field ,,,FALSE,QA1test493@Import.com,TRUE,,marjorie curtis,,,,,Offline,
enterprise,Executive -field ,,,FALSE,QA1test494@Import.com,TRUE,,doreen daley,,,,,Offline,
enterprise,Executive -field ,,,FALSE,QA1test495@Import.com,TRUE,,phillip dalling,,,,,Offline,
enterprise,Executive -field ,,,FALSE,QA1test496@Import.com,TRUE,,gloria deambrose,,,,,Offline,
enterprise,Executive -field ,,,FALSE,QA1test497@Import.com,TRUE,,Matthew DellaMalva,,,,,Offline,
enterprise,Executive -field ,,,FALSE,QA1test498@Import.com,TRUE,,Tom DeLong,,,,,Offline,
enterprise,Executive -field ,,,FALSE,QA1test499@Import.com,TRUE,,irene dempster,,,,,Offline,
enterprise,Executive -field ,,,FALSE,QA1test500@Import.com,TRUE,,mathieu desrosiers,,,,,Offline,
enterprise,Executive -field ,,,FALSE,QA1test501@Import.com,TRUE,,CHRISTA COSSS,,,,,Offline,
enterprise,Executive -field ,,,FALSE,QA1test502@Import.com,TRUE,,David Pye,,,,,Offline,
enterprise,Executive -field ,,,FALSE,QA1test503@Import.com,TRUE,,Enea Acconciamessa,,,,,Offline,
enterprise,Executive -field ,,,FALSE,QA1test504@Import.com,TRUE,,scott adams,,,,,Offline,
enterprise,Executive -field ,,,FALSE,QA1test505@Import.com,TRUE,,Lawrence Afolayan,,,,,Offline,
enterprise,Executive -field ,,,FALSE,QA1test506@Import.com,TRUE,,Ruth Allaby,,,,,Offline,
enterprise,Executive -field ,,,FALSE,QA1test507@Import.com,TRUE,,bettyjo Amirault,,,,,Offline,
enterprise,Executive -field ,,,FALSE,QA1test508@Import.com,TRUE,,Moussa Arezki,,,,,Offline,
enterprise,Executive -field ,,,FALSE,QA1test509@Import.com,TRUE,,airuh argosino,,,,,Offline,
enterprise,Executive -field ,,,FALSE,QA1test510@Import.com,TRUE,,Darrell Armstrong,,,,,Offline,
enterprise,Executive -field ,,,FALSE,QA1test511@Import.com,TRUE,,jason atkinson,,,,,Offline,
enterprise,Executive -field ,,,FALSE,QA1test512@Import.com,TRUE,,andre arongaus,,,,,Offline,
enterprise,Executive -field ,,,FALSE,QA1test513@Import.com,TRUE,,amira azha,,,,,Offline,
enterprise,Executive -field ,,,FALSE,QA1test514@Import.com,TRUE,,Oussama Azzouni,,,,,Offline,
enterprise,Executive -field ,,,FALSE,QA1test515@Import.com,TRUE,,Aliyu Bakare,,,,,Offline,
enterprise,Executive -field ,,,FALSE,QA1test516@Import.com,TRUE,,Janarthan Balakrish,,,,,Offline,
enterprise,Executive -field ,,,FALSE,QA1test517@Import.com,TRUE,,alicia barton,,,,,Offline,
enterprise,Executive -field ,,,FALSE,QA1test518@Import.com,TRUE,,Kathryn beale,,,,,Offline,
enterprise,Executive -field ,,,FALSE,QA1test519@Import.com,TRUE,,christian beaudoin,,,,,Offline,
enterprise,Executive -field ,,,FALSE,QA1test520@Import.com,TRUE,,arsene bokanga,,,,,Offline,
enterprise,Executive -field ,,,FALSE,QA1test521@Import.com,TRUE,,joseph boudrea,,,,,Offline,
enterprise,Executive -field ,,,FALSE,QA1test522@Import.com,TRUE,,Pamela Boyle,,,,,Offline,
enterprise,Executive -field ,,,FALSE,QA1test523@Import.com,TRUE,,Angela Branscombe,,,,,Offline,
enterprise,Executive -field ,,,FALSE,QA1test524@Import.com,TRUE,,debra buckley,,,,,Offline,
enterprise,Executive -field ,,,FALSE,QA1test525@Import.com,TRUE,,Garthur bungay,,,,,Offline,
enterprise,Executive -field ,,,FALSE,QA1test526@Import.com,TRUE,,lorraine butler,,,,,Offline,
enterprise,Executive -field ,,,FALSE,QA1test527@Import.com,TRUE,,jennifer calhoun,,,,,Offline,
enterprise,Executive -field ,,,FALSE,QA1test528@Import.com,TRUE,,robyn calvin,,,,,Offline,
enterprise,Executive -field ,,,FALSE,QA1test529@Import.com,TRUE,,devin campbell,,,,,Offline,
enterprise,Executive -field ,,,FALSE,QA1test530@Import.com,TRUE,,samantha.higgins,,,,,Offline,
enterprise,Executive -field ,,,FALSE,QA1test531@Import.com,TRUE,,jose castin,,,,,Offline,
enterprise,Executive -field ,,,FALSE,QA1test532@Import.com,TRUE,,danielle clarke,,,,,Offline,
enterprise,Executive -field ,,,FALSE,QA1test533@Import.com,TRUE,,conrad clements,,,,,Offline,
enterprise,Executive -field ,,,FALSE,QA1test534@Import.com,TRUE,,dillan cochran,,,,,Offline,
enterprise,Executive -field ,,,FALSE,QA1test535@Import.com,TRUE,,kim.codner,,,,,Offline,
enterprise,Executive -field ,,,FALSE,QA1test536@Import.com,TRUE,,Janice Colwell,,,,,Offline,
enterprise,Executive -field ,,,FALSE,QA1test537@Import.com,TRUE,,Bennett Comeau,,,,,Offline,
enterprise,Executive -field ,,,FALSE,QA1test538@Import.com,TRUE,,emma conradi,,,,,Offline,
enterprise,Executive -field ,,,FALSE,QA1test539@Import.com,TRUE,,Kathleen.Corcoran,,,,,Offline,
enterprise,Executive -field ,,,FALSE,QA1test540@Import.com,TRUE,,shaun crawford,,,,,Offline,
enterprise,Executive -field ,,,FALSE,QA1test541@Import.com,TRUE,,marjorie curtis,,,,,Offline,
enterprise,Executive -field ,,,FALSE,QA1test542@Import.com,TRUE,,doreen daley,,,,,Offline,
enterprise,Executive -field ,,,FALSE,QA1test543@Import.com,TRUE,,phillip dalling,,,,,Offline,
enterprise,Executive -field ,,,FALSE,QA1test544@Import.com,TRUE,,gloria deambrose,,,,,Offline,
enterprise,Executive -field ,,,FALSE,QA1test545@Import.com,TRUE,,Matthew DellaMalva,,,,,Offline,
enterprise,Executive -field ,,,FALSE,QA1test546@Import.com,TRUE,,Tom DeLong,,,,,Offline,
enterprise,Executive -field ,,,FALSE,QA1test547@Import.com,TRUE,,irene dempster,,,,,Offline,
enterprise,Executive -field ,,,FALSE,QA1test548@Import.com,TRUE,,mathieu desrosiers,,,,,Offline,
enterprise,Executive -field ,,,FALSE,QA1test549@Import.com,TRUE,,Lynn Dickie,,,,,Offline,
enterprise,Executive -field ,,,FALSE,QA1test550@Import.com,TRUE,,Elias Doha,,,,,Offline,
enterprise,Executive -field ,,,FALSE,QA1test551@Import.com,TRUE,,kelly donnelly,,,,,Offline,
enterprise,Executive -field ,,,FALSE,QA1test552@Import.com,TRUE,,Martina Doucette,,,,,Offline,
enterprise,Executive -field ,,,FALSE,QA1test553@Import.com,TRUE,,tammy duplessis,,,,,Offline,
enterprise,Executive -field ,,,FALSE,QA1test554@Import.com,TRUE,,Jeffrey Earle,,,,,Offline,
enterprise,Executive -field ,,,FALSE,QA1test555@Import.com,TRUE,,Valerie Fequiere,,,,,Offline,
enterprise,Executive -field ,,,FALSE,QA1test556@Import.com,TRUE,,Wendy Ferris,,,,,Offline,
enterprise,Executive -field ,,,FALSE,QA1test557@Import.com,TRUE,,mallory floyd,,,,,Offline,
enterprise,Executive -field ,,,FALSE,QA1test558@Import.com,TRUE,,robert founang,,,,,Offline,
enterprise,Executive -field ,,,FALSE,QA1test559@Import.com,TRUE,,Brittany Fowler,,,,,Offline,
enterprise,Executive -field ,,,FALSE,QA1test560@Import.com,TRUE,,Karen Fox,,,,,Offline,
enterprise,Executive -field ,,,FALSE,QA1test561@Import.com,TRUE,,kevin gillette,,,,,Offline,
enterprise,Executive -field ,,,FALSE,QA1test562@Import.com,TRUE,,denis gionet,,,,,Offline,
enterprise,Executive -field ,,,FALSE,QA1test563@Import.com,TRUE,,jeremy godfrey,,,,,Offline,
enterprise,Executive -field ,,,FALSE,QA1test564@Import.com,TRUE,,Rebecca Graves,,,,,Offline,
enterprise,Executive -field ,,,FALSE,QA1test565@Import.com,TRUE,,Darren Gray,,,,,Offline,
enterprise,Executive -field ,,,FALSE,QA1test566@Import.com,TRUE,,Gurvir Singh,,,,,Offline,
enterprise,Executive -field ,,,FALSE,QA1test567@Import.com,TRUE,,wayne hall,,,,,Offline,
enterprise,Executive -field ,,,FALSE,QA1test568@Import.com,TRUE,,Oussama Hamza,,,,,Offline,
enterprise,Executive -field ,,,FALSE,QA1test569@Import.com,TRUE,,beth hanlon,,,,,Offline,
enterprise,Executive -field ,,,FALSE,QA1test570@Import.com,TRUE,,kendall hartt,,,,,Offline,
enterprise,Executive -field ,,,FALSE,QA1test571@Import.com,TRUE,,willard henderson,,,,,Offline,
enterprise,Executive -field ,,,FALSE,QA1test572@Import.com,TRUE,,Robert Henwood,,,,,Offline,
enterprise,Executive -field ,,,FALSE,QA1test573@Import.com,TRUE,,samantha howe,,,,,Offline,
enterprise,Executive -field ,,,FALSE,QA1test574@Import.com,TRUE,,Tanya Hunter,,,,,Offline,
enterprise,Executive -field ,,,FALSE,QA1test575@Import.com,TRUE,,Derrick Hutchings,,,,,Offline,
enterprise,Executive -field ,,,FALSE,QA1test576@Import.com,TRUE,,ruth kalama,,,,,Offline,
enterprise,Executive -field ,,,FALSE,QA1test577@Import.com,TRUE,,Nicole Keffer,,,,,Offline,
enterprise,Executive -field ,,,FALSE,QA1test578@Import.com,TRUE,,Shelly Kelly,,,,,Offline,
enterprise,Executive -field ,,,FALSE,QA1test579@Import.com,TRUE,,william kelly,,,,,Offline,
enterprise,Executive -field ,,,FALSE,QA1test580@Import.com,TRUE,,matthew kemp,,,,,Offline,
enterprise,Executive -field ,,,FALSE,QA1test581@Import.com,TRUE,,Makrand Konkar,,,,,Offline,
enterprise,Executive -field ,,,FALSE,QA1test582@Import.com,TRUE,,danielle lacelle,,,,,Offline,
enterprise,Executive -field ,,,FALSE,QA1test583@Import.com,TRUE,,leonard landry,,,,,Offline,
enterprise,Executive -field ,,,FALSE,QA1test584@Import.com,TRUE,,Pierre Laprade,,,,,Offline,
enterprise,Executive -field ,,,FALSE,QA1test585@Import.com,TRUE,,Yannick Larouche,,,,,Offline,
enterprise,Executive -field ,,,FALSE,QA1test586@Import.com,TRUE,,Mike Lavin,,,,,Offline,
enterprise,Executive -field ,,,FALSE,QA1test587@Import.com,TRUE,,michael lemieux,,,,,Offline,
enterprise,Executive -field ,,,FALSE,QA1test588@Import.com,TRUE,,susan lent,,,,,Offline,
enterprise,Executive -field ,,,FALSE,QA1test589@Import.com,TRUE,,Maria Letson,,,,,Offline,
enterprise,Executive -field ,,,FALSE,QA1test590@Import.com,TRUE,,Shelley MacDonald,,,,,Offline,
enterprise,Executive -field ,,,FALSE,QA1test591@Import.com,TRUE,,devin mackay,,,,,Offline,
enterprise,Executive -field ,,,FALSE,QA1test592@Import.com,TRUE,,Rebecca Mallett,,,,,Offline,
enterprise,Executive -field ,,,FALSE,QA1test593@Import.com,TRUE,,Angela Malley,,,,,Offline,
enterprise,Executive -field ,,,FALSE,QA1test594@Import.com,TRUE,,Vickie Marquez,,,,,Offline,
enterprise,Executive -field ,,,FALSE,QA1test595@Import.com,TRUE,,Marcie McCarthy,,,,,Offline,
enterprise,Executive -field ,,,FALSE,QA1test596@Import.com,TRUE,,lori mccullough,,,,,Offline,
enterprise,Executive -field ,,,FALSE,QA1test597@Import.com,TRUE,,scott mcdade,,,,,Offline,
enterprise,Executive -field ,,,FALSE,QA1test598@Import.com,TRUE,,colin mcfarlane,,,,,Offline,
enterprise,Executive -field ,,,FALSE,QA1test599@Import.com,TRUE,,troy mcinerney,,,,,Offline,
enterprise,Executive -field ,,,FALSE,QA1test600@Import.com,TRUE,,Stephanie McKinney,,,,,Offline,
enterprise,Executive -field ,,,FALSE,QA1test601@Import.com,TRUE,,shelley moore,,,,,Offline,
enterprise,Executive -field ,,,FALSE,QA1test602@Import.com,TRUE,,Christa Cox,,,,,Offline,
enterprise,Executive -field ,,,FALSE,QA1test603@Import.com,TRUE,,David Pye,,,,,Offline,
enterprise,Executive -field ,,,FALSE,QA1test604@Import.com,TRUE,,Enea Acconciamessa,,,,,Offline,
enterprise,Executive -field ,,,FALSE,QA1test605@Import.com,TRUE,,scott adams,,,,,Offline,
enterprise,Executive -field ,,,FALSE,QA1test606@Import.com,TRUE,,Lawrence Afolayan,,,,,Offline,
enterprise,Executive -field ,,,FALSE,QA1test607@Import.com,TRUE,,Ruth Allaby,,,,,Offline,
enterprise,Executive -field ,,,FALSE,QA1test608@Import.com,TRUE,,bettyjo Amirault,,,,,Offline,
enterprise,Executive -field ,,,FALSE,QA1test609@Import.com,TRUE,,Moussa Arezki,,,,,Offline,
enterprise,Executive -field ,,,FALSE,QA1test610@Import.com,TRUE,,airuh argosino,,,,,Offline,
enterprise,Executive -field ,,,FALSE,QA1test611@Import.com,TRUE,,Darrell Armstrong,,,,,Offline,
enterprise,Executive -field ,,,FALSE,QA1test612@Import.com,TRUE,,jason atkinson,,,,,Offline,
enterprise,Executive -field ,,,FALSE,QA1test613@Import.com,TRUE,,andre arongaus,,,,,Offline,
enterprise,Executive -field ,,,FALSE,QA1test614@Import.com,TRUE,,amira azha,,,,,Offline,
enterprise,Executive -field ,,,FALSE,QA1test615@Import.com,TRUE,,Oussama Azzouni,,,,,Offline,
enterprise,Executive -field ,,,FALSE,QA1test616@Import.com,TRUE,,Aliyu Bakare,,,,,Offline,
enterprise,Executive -field ,,,FALSE,QA1test617@Import.com,TRUE,,Janarthan Balakrish,,,,,Offline,
enterprise,Executive -field ,,,FALSE,QA1test618@Import.com,TRUE,,alicia barton,,,,,Offline,
enterprise,Executive -field ,,,FALSE,QA1test619@Import.com,TRUE,,Kathryn beale,,,,,Offline,
enterprise,Executive -field ,,,FALSE,QA1test620@Import.com,TRUE,,christian beaudoin,,,,,Offline,
enterprise,Executive -field ,,,FALSE,QA1test621@Import.com,TRUE,,arsene bokanga,,,,,Offline,
enterprise,Executive -field ,,,FALSE,QA1test622@Import.com,TRUE,,joseph boudrea,,,,,Offline,
enterprise,Executive -field ,,,FALSE,QA1test623@Import.com,TRUE,,Pamela Boyle,,,,,Offline,
enterprise,Executive -field ,,,FALSE,QA1test624@Import.com,TRUE,,Angela Branscombe,,,,,Offline,
enterprise,Executive -field ,,,FALSE,QA1test625@Import.com,TRUE,,debra buckley,,,,,Offline,
enterprise,Executive -field ,,,FALSE,QA1test626@Import.com,TRUE,,Garthur bungay,,,,,Offline,
enterprise,Executive -field ,,,FALSE,QA1test627@Import.com,TRUE,,lorraine butler,,,,,Offline,
enterprise,Executive -field ,,,FALSE,QA1test628@Import.com,TRUE,,jennifer calhoun,,,,,Offline,
enterprise,Executive -field ,,,FALSE,QA1test629@Import.com,TRUE,,robyn calvin,,,,,Offline,
enterprise,Executive -field ,,,FALSE,QA1test630@Import.com,TRUE,,devin campbell,,,,,Offline,
enterprise,Executive -field ,,,FALSE,QA1test631@Import.com,TRUE,,samantha.higgins,,,,,Offline,
enterprise,Executive -field ,,,FALSE,QA1test632@Import.com,TRUE,,jose castin,,,,,Offline,
enterprise,Executive -field ,,,FALSE,QA1test633@Import.com,TRUE,,danielle clarke,,,,,Offline,
enterprise,Executive -field ,,,FALSE,QA1test634@Import.com,TRUE,,conrad clements,,,,,Offline,
enterprise,Executive -field ,,,FALSE,QA1test635@Import.com,TRUE,,dillan cochran,,,,,Offline,
enterprise,Executive -field ,,,FALSE,QA1test636@Import.com,TRUE,,kim.codner,,,,,Offline,
enterprise,Executive -field ,,,FALSE,QA1test637@Import.com,TRUE,,Janice Colwell,,,,,Offline,
enterprise,Executive -field ,,,FALSE,QA1test638@Import.com,TRUE,,Bennett Comeau,,,,,Offline,
enterprise,Executive -field ,,,FALSE,QA1test639@Import.com,TRUE,,emma conradi,,,,,Offline,
enterprise,Executive -field ,,,FALSE,QA1test640@Import.com,TRUE,,Kathleen.Corcoran,,,,,Offline,
enterprise,Executive -field ,,,FALSE,QA1test641@Import.com,TRUE,,shaun crawford,,,,,Offline,
enterprise,Executive -field ,,,FALSE,QA1test642@Import.com,TRUE,,marjorie curtis,,,,,Offline,
enterprise,Executive -field ,,,FALSE,QA1test643@Import.com,TRUE,,doreen daley,,,,,Offline,
enterprise,Executive -field ,,,FALSE,QA1test644@Import.com,TRUE,,phillip dalling,,,,,Offline,
enterprise,Executive -field ,,,FALSE,QA1test645@Import.com,TRUE,,gloria deambrose,,,,,Offline,
enterprise,Executive -field ,,,FALSE,QA1test646@Import.com,TRUE,,Matthew DellaMalva,,,,,Offline,
enterprise,Executive -field ,,,FALSE,QA1test647@Import.com,TRUE,,Tom DeLong,,,,,Offline,
enterprise,Executive -field ,,,FALSE,QA1test648@Import.com,TRUE,,irene dempster,,,,,Offline,
enterprise,Executive -field ,,,FALSE,QA1test649@Import.com,TRUE,,mathieu desrosiers,,,,,Offline,
enterprise,Executive -field ,,,FALSE,QA1test650@Import.com,TRUE,,Lynn Dickie,,,,,Offline,
enterprise,Executive -field ,,,FALSE,QA1test651@Import.com,TRUE,,Elias Doha,,,,,Offline,
enterprise,Executive -field ,,,FALSE,QA1test652@Import.com,TRUE,,kelly donnelly,,,,,Offline,
enterprise,Executive -field ,,,FALSE,QA1test653@Import.com,TRUE,,Martina Doucette,,,,,Offline,
enterprise,Executive -field ,,,FALSE,QA1test654@Import.com,TRUE,,tammy duplessis,,,,,Offline,
enterprise,Executive -field ,,,FALSE,QA1test655@Import.com,TRUE,,Jeffrey Earle,,,,,Offline,
enterprise,Executive -field ,,,FALSE,QA1test656@Import.com,TRUE,,Valerie Fequiere,,,,,Offline,
enterprise,Executive -field ,,,FALSE,QA1test657@Import.com,TRUE,,Wendy Ferris,,,,,Offline,
enterprise,Executive -field ,,,FALSE,QA1test658@Import.com,TRUE,,mallory floyd,,,,,Offline,
enterprise,Executive -field ,,,FALSE,QA1test659@Import.com,TRUE,,robert founang,,,,,Offline,
enterprise,Executive -field ,,,FALSE,QA1test660@Import.com,TRUE,,Brittany Fowler,,,,,Offline,
enterprise,Executive -field ,,,FALSE,QA1test661@Import.com,TRUE,,Karen Fox,,,,,Offline,
enterprise,Executive -field ,,,FALSE,QA1test662@Import.com,TRUE,,kevin gillette,,,,,Offline,
enterprise,Executive -field ,,,FALSE,QA1test663@Import.com,TRUE,,denis gionet,,,,,Offline,
enterprise,Executive -field ,,,FALSE,QA1test664@Import.com,TRUE,,jeremy godfrey,,,,,Offline,
enterprise,Executive -field ,,,FALSE,QA1test665@Import.com,TRUE,,Rebecca Graves,,,,,Offline,
enterprise,Executive -field ,,,FALSE,QA1test666@Import.com,TRUE,,Darren Gray,,,,,Offline,
enterprise,Executive -field ,,,FALSE,QA1test667@Import.com,TRUE,,Gurvir Singh,,,,,Offline,
enterprise,Executive -field ,,,FALSE,QA1test668@Import.com,TRUE,,wayne hall,,,,,Offline,
enterprise,Executive -field ,,,FALSE,QA1test669@Import.com,TRUE,,Oussama Hamza,,,,,Offline,
enterprise,Executive -field ,,,FALSE,QA1test670@Import.com,TRUE,,beth hanlon,,,,,Offline,
enterprise,Executive -field ,,,FALSE,QA1test671@Import.com,TRUE,,kendall hartt,,,,,Offline,
enterprise,Executive -field ,,,FALSE,QA1test672@Import.com,TRUE,,willard henderson,,,,,Offline,
enterprise,Executive -field ,,,FALSE,QA1test673@Import.com,TRUE,,Robert Henwood,,,,,Offline,
enterprise,Executive -field ,,,FALSE,QA1test674@Import.com,TRUE,,samantha howe,,,,,Offline,
enterprise,Executive -field ,,,FALSE,QA1test675@Import.com,TRUE,,Tanya Hunter,,,,,Offline,
enterprise,Executive -field ,,,FALSE,QA1test676@Import.com,TRUE,,Derrick Hutchings,,,,,Offline,
enterprise,Executive -field ,,,FALSE,QA1test677@Import.com,TRUE,,ruth kalama,,,,,Offline,
enterprise,Executive -field ,,,FALSE,QA1test678@Import.com,TRUE,,Nicole Keffer,,,,,Offline,
enterprise,Executive -field ,,,FALSE,QA1test679@Import.com,TRUE,,Shelly Kelly,,,,,Offline,
enterprise,Executive -field ,,,FALSE,QA1test680@Import.com,TRUE,,william kelly,,,,,Offline,
enterprise,Executive -field ,,,FALSE,QA1test681@Import.com,TRUE,,matthew kemp,,,,,Offline,
enterprise,Executive -field ,,,FALSE,QA1test682@Import.com,TRUE,,Makrand Konkar,,,,,Offline,
enterprise,Executive -field ,,,FALSE,QA1test683@Import.com,TRUE,,danielle lacelle,,,,,Offline,
enterprise,Executive -field ,,,FALSE,QA1test684@Import.com,TRUE,,leonard landry,,,,,Offline,
enterprise,Executive -field ,,,FALSE,QA1test685@Import.com,TRUE,,Pierre Laprade,,,,,Offline,
enterprise,Executive -field ,,,FALSE,QA1test686@Import.com,TRUE,,Yannick Larouche,,,,,Offline,
enterprise,Executive -field ,,,FALSE,QA1test687@Import.com,TRUE,,Mike Lavin,,,,,Offline,
enterprise,Executive -field ,,,FALSE,QA1test688@Import.com,TRUE,,michael lemieux,,,,,Offline,
enterprise,Executive -field ,,,FALSE,QA1test689@Import.com,TRUE,,susan lent,,,,,Offline,
enterprise,Executive -field ,,,FALSE,QA1test690@Import.com,TRUE,,Maria Letson,,,,,Offline,
enterprise,Executive -field ,,,FALSE,QA1test691@Import.com,TRUE,,Shelley MacDonald,,,,,Offline,
enterprise,Executive -field ,,,FALSE,QA1test692@Import.com,TRUE,,devin mackay,,,,,Offline,
enterprise,Executive -field ,,,FALSE,QA1test693@Import.com,TRUE,,Rebecca Mallett,,,,,Offline,
enterprise,Executive -field ,,,FALSE,QA1test694@Import.com,TRUE,,Angela Malley,,,,,Offline,
enterprise,Executive -field ,,,FALSE,QA1test695@Import.com,TRUE,,Vickie Marquez,,,,,Offline,
enterprise,Executive -field ,,,FALSE,QA1test696@Import.com,TRUE,,Marcie McCarthy,,,,,Offline,
enterprise,Executive -field ,,,FALSE,QA1test697@Import.com,TRUE,,lori mccullough,,,,,Offline,
enterprise,Executive -field ,,,FALSE,QA1test698@Import.com,TRUE,,scott mcdade,,,,,Offline,
enterprise,Executive -field ,,,FALSE,QA1test699@Import.com,TRUE,,colin mcfarlane,,,,,Offline,
enterprise,Executive -field ,,,FALSE,QA1test700@Import.com,TRUE,,troy mcinerney,,,,,Offline,
enterprise,Executive -field ,,,FALSE,QA1test701@Import.com,TRUE,,Stephanie McKinney,,,,,Offline,
enterprise,Executive -field ,,,FALSE,QA1test702@Import.com,TRUE,,shelley moore,,,,,Offline,
enterprise,Executive -field ,,,FALSE,QA1test703@Import.com,TRUE,,Christa Cox,,,,,Offline,
enterprise,Executive -field ,,,FALSE,QA1test704@Import.com,TRUE,,David Pye,,,,,Offline,
enterprise,Executive -field ,,,FALSE,QA1test705@Import.com,TRUE,,Enea Acconciamessa,,,,,Offline,
enterprise,Executive -field ,,,FALSE,QA1test706@Import.com,TRUE,,scott adams,,,,,Offline,
enterprise,Executive -field ,,,FALSE,QA1test707@Import.com,TRUE,,Lawrence Afolayan,,,,,Offline,
enterprise,Executive -field ,,,FALSE,QA1test708@Import.com,TRUE,,Ruth Allaby,,,,,Offline,
enterprise,Executive -field ,,,FALSE,QA1test709@Import.com,TRUE,,bettyjo Amirault,,,,,Offline,
enterprise,Executive -field ,,,FALSE,QA1test710@Import.com,TRUE,,Moussa Arezki,,,,,Offline,
enterprise,Executive -field ,,,FALSE,QA1test711@Import.com,TRUE,,airuh argosino,,,,,Offline,
enterprise,Executive -field ,,,FALSE,QA1test712@Import.com,TRUE,,Darrell Armstrong,,,,,Offline,
enterprise,Executive -field ,,,FALSE,QA1test713@Import.com,TRUE,,jason atkinson,,,,,Offline,
enterprise,Executive -field ,,,FALSE,QA1test714@Import.com,TRUE,,andre arongaus,,,,,Offline,
enterprise,Executive -field ,,,FALSE,QA1test715@Import.com,TRUE,,amira azha,,,,,Offline,
enterprise,Executive -field ,,,FALSE,QA1test716@Import.com,TRUE,,Oussama Azzouni,,,,,Offline,
enterprise,Executive -field ,,,FALSE,QA1test717@Import.com,TRUE,,Aliyu Bakare,,,,,Offline,
enterprise,Executive -field ,,,FALSE,QA1test718@Import.com,TRUE,,Janarthan Balakrish,,,,,Offline,
enterprise,Executive -field ,,,FALSE,QA1test719@Import.com,TRUE,,alicia barton,,,,,Offline,
enterprise,Executive -field ,,,FALSE,QA1test720@Import.com,TRUE,,Kathryn beale,,,,,Offline,
enterprise,Executive -field ,,,FALSE,QA1test721@Import.com,TRUE,,christian beaudoin,,,,,Offline,
enterprise,Executive -field ,,,FALSE,QA1test722@Import.com,TRUE,,arsene bokanga,,,,,Offline,
enterprise,Executive -field ,,,FALSE,QA1test723@Import.com,TRUE,,joseph boudrea,,,,,Offline,
enterprise,Executive -field ,,,FALSE,QA1test724@Import.com,TRUE,,Pamela Boyle,,,,,Offline,
enterprise,Executive -field ,,,FALSE,QA1test725@Import.com,TRUE,,Angela Branscombe,,,,,Offline,
enterprise,Executive -field ,,,FALSE,QA1test726@Import.com,TRUE,,debra buckley,,,,,Offline,
enterprise,Executive -field ,,,FALSE,QA1test727@Import.com,TRUE,,Garthur bungay,,,,,Offline,
enterprise,Executive -field ,,,FALSE,QA1test728@Import.com,TRUE,,lorraine butler,,,,,Offline,
enterprise,Executive -field ,,,FALSE,QA1test729@Import.com,TRUE,,jennifer calhoun,,,,,Offline,
enterprise,Executive -field ,,,FALSE,QA1test730@Import.com,TRUE,,robyn calvin,,,,,Offline,
enterprise,Executive -field ,,,FALSE,QA1test731@Import.com,TRUE,,devin campbell,,,,,Offline,
enterprise,Executive -field ,,,FALSE,QA1test732@Import.com,TRUE,,samantha.higgins,,,,,Offline,
enterprise,Executive -field ,,,FALSE,QA1test733@Import.com,TRUE,,jose castin,,,,,Offline,
enterprise,Executive -field ,,,FALSE,QA1test734@Import.com,TRUE,,danielle clarke,,,,,Offline,
enterprise,Executive -field ,,,FALSE,QA1test735@Import.com,TRUE,,conrad clements,,,,,Offline,
enterprise,Executive -field ,,,FALSE,QA1test736@Import.com,TRUE,,dillan cochran,,,,,Offline,
enterprise,Executive -field ,,,FALSE,QA1test737@Import.com,TRUE,,kim.codner,,,,,Offline,
enterprise,Executive -field ,,,FALSE,QA1test738@Import.com,TRUE,,Janice Colwell,,,,,Offline,
enterprise,Executive -field ,,,FALSE,QA1test739@Import.com,TRUE,,Bennett Comeau,,,,,Offline,
enterprise,Executive -field ,,,FALSE,QA1test740@Import.com,TRUE,,emma conradi,,,,,Offline,
enterprise,Executive -field ,,,FALSE,QA1test741@Import.com,TRUE,,Kathleen.Corcoran,,,,,Offline,
enterprise,Executive -field ,,,FALSE,QA1test742@Import.com,TRUE,,shaun crawford,,,,,Offline,
enterprise,Executive -field ,,,FALSE,QA1test743@Import.com,TRUE,,marjorie curtis,,,,,Offline,
enterprise,Executive -field ,,,FALSE,QA1test744@Import.com,TRUE,,doreen daley,,,,,Offline,
enterprise,Executive -field ,,,FALSE,QA1test745@Import.com,TRUE,,phillip dalling,,,,,Offline,
enterprise,Executive -field ,,,FALSE,QA1test746@Import.com,TRUE,,gloria deambrose,,,,,Offline,
enterprise,Executive -field ,,,FALSE,QA1test747@Import.com,TRUE,,Matthew DellaMalva,,,,,Offline,
enterprise,Executive -field ,,,FALSE,QA1test748@Import.com,TRUE,,Tom DeLong,,,,,Offline,
enterprise,Executive -field ,,,FALSE,QA1test749@Import.com,TRUE,,irene dempster,,,,,Offline,
enterprise,Executive -field ,,,FALSE,QA1test750@Import.com,TRUE,,mathieu desrosiers,,,,,Offline,
enterprise,Executive -field ,,,FALSE,QA1test751@Import.com,TRUE,,CHRISTA COSSS,,,,,Offline,
enterprise,Executive -field ,,,FALSE,QA1test752@Import.com,TRUE,,David Pye,,,,,Offline,
enterprise,Executive -field ,,,FALSE,QA1test753@Import.com,TRUE,,Enea Acconciamessa,,,,,Offline,
enterprise,Executive -field ,,,FALSE,QA1test754@Import.com,TRUE,,scott adams,,,,,Offline,
enterprise,Executive -field ,,,FALSE,QA1test755@Import.com,TRUE,,Lawrence Afolayan,,,,,Offline,
enterprise,Executive -field ,,,FALSE,QA1test756@Import.com,TRUE,,Ruth Allaby,,,,,Offline,
enterprise,Executive -field ,,,FALSE,QA1test757@Import.com,TRUE,,bettyjo Amirault,,,,,Offline,
enterprise,Executive -field ,,,FALSE,QA1test758@Import.com,TRUE,,Moussa Arezki,,,,,Offline,
enterprise,Executive -field ,,,FALSE,QA1test759@Import.com,TRUE,,airuh argosino,,,,,Offline,
enterprise,Executive -field ,,,FALSE,QA1test760@Import.com,TRUE,,Darrell Armstrong,,,,,Offline,
enterprise,Executive -field ,,,FALSE,QA1test761@Import.com,TRUE,,jason atkinson,,,,,Offline,
enterprise,Executive -field ,,,FALSE,QA1test762@Import.com,TRUE,,andre arongaus,,,,,Offline,
enterprise,Executive -field ,,,FALSE,QA1test763@Import.com,TRUE,,amira azha,,,,,Offline,
enterprise,Executive -field ,,,FALSE,QA1test764@Import.com,TRUE,,Oussama Azzouni,,,,,Offline,
enterprise,Executive -field ,,,FALSE,QA1test765@Import.com,TRUE,,Aliyu Bakare,,,,,Offline,
enterprise,Executive -field ,,,FALSE,QA1test766@Import.com,TRUE,,Janarthan Balakrish,,,,,Offline,
enterprise,Executive -field ,,,FALSE,QA1test767@Import.com,TRUE,,alicia barton,,,,,Offline,
enterprise,Executive -field ,,,FALSE,QA1test768@Import.com,TRUE,,Kathryn beale,,,,,Offline,
enterprise,Executive -field ,,,FALSE,QA1test769@Import.com,TRUE,,christian beaudoin,,,,,Offline,
enterprise,Executive -field ,,,FALSE,QA1test770@Import.com,TRUE,,arsene bokanga,,,,,Offline,
enterprise,Executive -field ,,,FALSE,QA1test771@Import.com,TRUE,,joseph boudrea,,,,,Offline,
enterprise,Executive -field ,,,FALSE,QA1test772@Import.com,TRUE,,Pamela Boyle,,,,,Offline,
enterprise,Executive -field ,,,FALSE,QA1test773@Import.com,TRUE,,Angela Branscombe,,,,,Offline,
enterprise,Executive -field ,,,FALSE,QA1test774@Import.com,TRUE,,debra buckley,,,,,Offline,
enterprise,Executive -field ,,,FALSE,QA1test775@Import.com,TRUE,,Garthur bungay,,,,,Offline,
enterprise,Executive -field ,,,FALSE,QA1test776@Import.com,TRUE,,lorraine butler,,,,,Offline,
enterprise,Executive -field ,,,FALSE,QA1test777@Import.com,TRUE,,jennifer calhoun,,,,,Offline,
enterprise,Executive -field ,,,FALSE,QA1test778@Import.com,TRUE,,robyn calvin,,,,,Offline,
enterprise,Executive -field ,,,FALSE,QA1test779@Import.com,TRUE,,devin campbell,,,,,Offline,
enterprise,Executive -field ,,,FALSE,QA1test780@Import.com,TRUE,,samantha.higgins,,,,,Offline,
enterprise,Executive -field ,,,FALSE,QA1test781@Import.com,TRUE,,jose castin,,,,,Offline,
enterprise,Executive -field ,,,FALSE,QA1test782@Import.com,TRUE,,danielle clarke,,,,,Offline,
enterprise,Executive -field ,,,FALSE,QA1test783@Import.com,TRUE,,conrad clements,,,,,Offline,
enterprise,Executive -field ,,,FALSE,QA1test784@Import.com,TRUE,,dillan cochran,,,,,Offline,
enterprise,Executive -field ,,,FALSE,QA1test785@Import.com,TRUE,,kim.codner,,,,,Offline,
enterprise,Executive -field ,,,FALSE,QA1test786@Import.com,TRUE,,Janice Colwell,,,,,Offline,
enterprise,Executive -field ,,,FALSE,QA1test787@Import.com,TRUE,,Bennett Comeau,,,,,Offline,
enterprise,Executive -field ,,,FALSE,QA1test788@Import.com,TRUE,,emma conradi,,,,,Offline,
enterprise,Executive -field ,,,FALSE,QA1test789@Import.com,TRUE,,Kathleen.Corcoran,,,,,Offline,
enterprise,Executive -field ,,,FALSE,QA1test790@Import.com,TRUE,,shaun crawford,,,,,Offline,
enterprise,Executive -field ,,,FALSE,QA1test791@Import.com,TRUE,,marjorie curtis,,,,,Offline,
enterprise,Executive -field ,,,FALSE,QA1test792@Import.com,TRUE,,doreen daley,,,,,Offline,
enterprise,Executive -field ,,,FALSE,QA1test793@Import.com,TRUE,,phillip dalling,,,,,Offline,
enterprise,Executive -field ,,,FALSE,QA1test794@Import.com,TRUE,,gloria deambrose,,,,,Offline,
enterprise,Executive -field ,,,FALSE,QA1test795@Import.com,TRUE,,Matthew DellaMalva,,,,,Offline,
enterprise,Executive -field ,,,FALSE,QA1test796@Import.com,TRUE,,Tom DeLong,,,,,Offline,
enterprise,Executive -field ,,,FALSE,QA1test797@Import.com,TRUE,,irene dempster,,,,,Offline,
enterprise,Executive -field ,,,FALSE,QA1test798@Import.com,TRUE,,mathieu desrosiers,,,,,Offline,
enterprise,Executive -field ,,,FALSE,QA1test799@Import.com,TRUE,,Lynn Dickie,,,,,Offline,
enterprise,Executive -field ,,,FALSE,QA1test800@Import.com,TRUE,,Elias Doha,,,,,Offline,
enterprise,Executive -field ,,,FALSE,QA1test801@Import.com,TRUE,,kelly donnelly,,,,,Offline,
enterprise,Executive -field ,,,FALSE,QA1test802@Import.com,TRUE,,Martina Doucette,,,,,Offline,
enterprise,Executive -field ,,,FALSE,QA1test803@Import.com,TRUE,,tammy duplessis,,,,,Offline,
enterprise,Executive -field ,,,FALSE,QA1test804@Import.com,TRUE,,Jeffrey Earle,,,,,Offline,
enterprise,Executive -field ,,,FALSE,QA1test805@Import.com,TRUE,,Valerie Fequiere,,,,,Offline,
enterprise,Executive -field ,,,FALSE,QA1test806@Import.com,TRUE,,Wendy Ferris,,,,,Offline,
enterprise,Executive -field ,,,FALSE,QA1test807@Import.com,TRUE,,mallory floyd,,,,,Offline,
enterprise,Executive -field ,,,FALSE,QA1test808@Import.com,TRUE,,robert founang,,,,,Offline,
enterprise,Executive -field ,,,FALSE,QA1test809@Import.com,TRUE,,Brittany Fowler,,,,,Offline,
enterprise,Executive -field ,,,FALSE,QA1test810@Import.com,TRUE,,Karen Fox,,,,,Offline,
enterprise,Executive -field ,,,FALSE,QA1test811@Import.com,TRUE,,kevin gillette,,,,,Offline,
enterprise,Executive -field ,,,FALSE,QA1test812@Import.com,TRUE,,denis gionet,,,,,Offline,
enterprise,Executive -field ,,,FALSE,QA1test813@Import.com,TRUE,,jeremy godfrey,,,,,Offline,
enterprise,Executive -field ,,,FALSE,QA1test814@Import.com,TRUE,,Rebecca Graves,,,,,Offline,
enterprise,Executive -field ,,,FALSE,QA1test815@Import.com,TRUE,,Darren Gray,,,,,Offline,
enterprise,Executive -field ,,,FALSE,QA1test816@Import.com,TRUE,,Gurvir Singh,,,,,Offline,
enterprise,Executive -field ,,,FALSE,QA1test817@Import.com,TRUE,,wayne hall,,,,,Offline,
enterprise,Executive -field ,,,FALSE,QA1test818@Import.com,TRUE,,Oussama Hamza,,,,,Offline,
enterprise,Executive -field ,,,FALSE,QA1test819@Import.com,TRUE,,beth hanlon,,,,,Offline,
enterprise,Executive -field ,,,FALSE,QA1test820@Import.com,TRUE,,kendall hartt,,,,,Offline,
enterprise,Executive -field ,,,FALSE,QA1test821@Import.com,TRUE,,willard henderson,,,,,Offline,
enterprise,Executive -field ,,,FALSE,QA1test822@Import.com,TRUE,,Robert Henwood,,,,,Offline,
enterprise,Executive -field ,,,FALSE,QA1test823@Import.com,TRUE,,samantha howe,,,,,Offline,
enterprise,Executive -field ,,,FALSE,QA1test824@Import.com,TRUE,,Tanya Hunter,,,,,Offline,
enterprise,Executive -field ,,,FALSE,QA1test825@Import.com,TRUE,,Derrick Hutchings,,,,,Offline,
enterprise,Executive -field ,,,FALSE,QA1test826@Import.com,TRUE,,ruth kalama,,,,,Offline,
enterprise,Executive -field ,,,FALSE,QA1test827@Import.com,TRUE,,Nicole Keffer,,,,,Offline,
enterprise,Executive -field ,,,FALSE,QA1test828@Import.com,TRUE,,Shelly Kelly,,,,,Offline,
enterprise,Executive -field ,,,FALSE,QA1test829@Import.com,TRUE,,william kelly,,,,,Offline,
enterprise,Executive -field ,,,FALSE,QA1test830@Import.com,TRUE,,matthew kemp,,,,,Offline,
enterprise,Executive -field ,,,FALSE,QA1test831@Import.com,TRUE,,Makrand Konkar,,,,,Offline,
enterprise,Executive -field ,,,FALSE,QA1test832@Import.com,TRUE,,danielle lacelle,,,,,Offline,
enterprise,Executive -field ,,,FALSE,QA1test833@Import.com,TRUE,,leonard landry,,,,,Offline,
enterprise,Executive -field ,,,FALSE,QA1test834@Import.com,TRUE,,Pierre Laprade,,,,,Offline,
enterprise,Executive -field ,,,FALSE,QA1test835@Import.com,TRUE,,Yannick Larouche,,,,,Offline,
enterprise,Executive -field ,,,FALSE,QA1test836@Import.com,TRUE,,Mike Lavin,,,,,Offline,
enterprise,Executive -field ,,,FALSE,QA1test837@Import.com,TRUE,,michael lemieux,,,,,Offline,
enterprise,Executive -field ,,,FALSE,QA1test838@Import.com,TRUE,,susan lent,,,,,Offline,
enterprise,Executive -field ,,,FALSE,QA1test839@Import.com,TRUE,,Maria Letson,,,,,Offline,
enterprise,Executive -field ,,,FALSE,QA1test840@Import.com,TRUE,,Shelley MacDonald,,,,,Offline,
enterprise,Executive -field ,,,FALSE,QA1test841@Import.com,TRUE,,devin mackay,,,,,Offline,
enterprise,Executive -field ,,,FALSE,QA1test842@Import.com,TRUE,,Rebecca Mallett,,,,,Offline,
enterprise,Executive -field ,,,FALSE,QA1test843@Import.com,TRUE,,Angela Malley,,,,,Offline,
enterprise,Executive -field ,,,FALSE,QA1test844@Import.com,TRUE,,Vickie Marquez,,,,,Offline,
enterprise,Executive -field ,,,FALSE,QA1test845@Import.com,TRUE,,Marcie McCarthy,,,,,Offline,
enterprise,Executive -field ,,,FALSE,QA1test846@Import.com,TRUE,,lori mccullough,,,,,Offline,
enterprise,Executive -field ,,,FALSE,QA1test847@Import.com,TRUE,,scott mcdade,,,,,Offline,
enterprise,Executive -field ,,,FALSE,QA1test848@Import.com,TRUE,,colin mcfarlane,,,,,Offline,
enterprise,Executive -field ,,,FALSE,QA1test849@Import.com,TRUE,,troy mcinerney,,,,,Offline,
enterprise,Executive -field ,,,FALSE,QA1test850@Import.com,TRUE,,Stephanie McKinney,,,,,Offline,
enterprise,Executive -field ,,,FALSE,QA1test851@Import.com,TRUE,,shelley moore,,,,,Offline,
enterprise,Executive -field ,,,FALSE,QA1test852@Import.com,TRUE,,Christa Cox,,,,,Offline,
enterprise,Executive -field ,,,FALSE,QA1test853@Import.com,TRUE,,David Pye,,,,,Offline,
enterprise,Executive -field ,,,FALSE,QA1test854@Import.com,TRUE,,Enea Acconciamessa,,,,,Offline,
enterprise,Executive -field ,,,FALSE,QA1test855@Import.com,TRUE,,scott adams,,,,,Offline,
enterprise,Executive -field ,,,FALSE,QA1test856@Import.com,TRUE,,Lawrence Afolayan,,,,,Offline,
enterprise,Executive -field ,,,FALSE,QA1test857@Import.com,TRUE,,Ruth Allaby,,,,,Offline,
enterprise,Executive -field ,,,FALSE,QA1test858@Import.com,TRUE,,bettyjo Amirault,,,,,Offline,
enterprise,Executive -field ,,,FALSE,QA1test859@Import.com,TRUE,,Moussa Arezki,,,,,Offline,
enterprise,Executive -field ,,,FALSE,QA1test860@Import.com,TRUE,,airuh argosino,,,,,Offline,
enterprise,Executive -field ,,,FALSE,QA1test861@Import.com,TRUE,,Darrell Armstrong,,,,,Offline,
enterprise,Executive -field ,,,FALSE,QA1test862@Import.com,TRUE,,jason atkinson,,,,,Offline,
enterprise,Executive -field ,,,FALSE,QA1test863@Import.com,TRUE,,andre arongaus,,,,,Offline,
enterprise,Executive -field ,,,FALSE,QA1test864@Import.com,TRUE,,amira azha,,,,,Offline,
enterprise,Executive -field ,,,FALSE,QA1test865@Import.com,TRUE,,Oussama Azzouni,,,,,Offline,
enterprise,Executive -field ,,,FALSE,QA1test866@Import.com,TRUE,,Aliyu Bakare,,,,,Offline,
enterprise,Executive -field ,,,FALSE,QA1test867@Import.com,TRUE,,Janarthan Balakrish,,,,,Offline,
enterprise,Executive -field ,,,FALSE,QA1test868@Import.com,TRUE,,alicia barton,,,,,Offline,
enterprise,Executive -field ,,,FALSE,QA1test869@Import.com,TRUE,,Kathryn beale,,,,,Offline,
enterprise,Executive -field ,,,FALSE,QA1test870@Import.com,TRUE,,christian beaudoin,,,,,Offline,
enterprise,Executive -field ,,,FALSE,QA1test871@Import.com,TRUE,,arsene bokanga,,,,,Offline,
enterprise,Executive -field ,,,FALSE,QA1test872@Import.com,TRUE,,joseph boudrea,,,,,Offline,
enterprise,Executive -field ,,,FALSE,QA1test873@Import.com,TRUE,,Pamela Boyle,,,,,Offline,
enterprise,Executive -field ,,,FALSE,QA1test874@Import.com,TRUE,,Angela Branscombe,,,,,Offline,
enterprise,Executive -field ,,,FALSE,QA1test875@Import.com,TRUE,,debra buckley,,,,,Offline,
enterprise,Executive -field ,,,FALSE,QA1test876@Import.com,TRUE,,Garthur bungay,,,,,Offline,
enterprise,Executive -field ,,,FALSE,QA1test877@Import.com,TRUE,,lorraine butler,,,,,Offline,
enterprise,Executive -field ,,,FALSE,QA1test878@Import.com,TRUE,,jennifer calhoun,,,,,Offline,
enterprise,Executive -field ,,,FALSE,QA1test879@Import.com,TRUE,,robyn calvin,,,,,Offline,
enterprise,Executive -field ,,,FALSE,QA1test880@Import.com,TRUE,,devin campbell,,,,,Offline,
enterprise,Executive -field ,,,FALSE,QA1test881@Import.com,TRUE,,samantha.higgins,,,,,Offline,
enterprise,Executive -field ,,,FALSE,QA1test882@Import.com,TRUE,,jose castin,,,,,Offline,
enterprise,Executive -field ,,,FALSE,QA1test883@Import.com,TRUE,,danielle clarke,,,,,Offline,
enterprise,Executive -field ,,,FALSE,QA1test884@Import.com,TRUE,,conrad clements,,,,,Offline,
enterprise,Executive -field ,,,FALSE,QA1test885@Import.com,TRUE,,dillan cochran,,,,,Offline,
enterprise,Executive -field ,,,FALSE,QA1test886@Import.com,TRUE,,kim.codner,,,,,Offline,
enterprise,Executive -field ,,,FALSE,QA1test887@Import.com,TRUE,,Janice Colwell,,,,,Offline,
enterprise,Executive -field ,,,FALSE,QA1test888@Import.com,TRUE,,Bennett Comeau,,,,,Offline,
enterprise,Executive -field ,,,FALSE,QA1test889@Import.com,TRUE,,emma conradi,,,,,Offline,
enterprise,Executive -field ,,,FALSE,QA1test890@Import.com,TRUE,,Kathleen.Corcoran,,,,,Offline,
enterprise,Executive -field ,,,FALSE,QA1test891@Import.com,TRUE,,shaun crawford,,,,,Offline,
enterprise,Executive -field ,,,FALSE,QA1test892@Import.com,TRUE,,marjorie curtis,,,,,Offline,
enterprise,Executive -field ,,,FALSE,QA1test893@Import.com,TRUE,,doreen daley,,,,,Offline,
enterprise,Executive -field ,,,FALSE,QA1test894@Import.com,TRUE,,phillip dalling,,,,,Offline,
enterprise,Executive -field ,,,FALSE,QA1test895@Import.com,TRUE,,gloria deambrose,,,,,Offline,
enterprise,Executive -field ,,,FALSE,QA1test896@Import.com,TRUE,,Matthew DellaMalva,,,,,Offline,
enterprise,Executive -field ,,,FALSE,QA1test897@Import.com,TRUE,,Tom DeLong,,,,,Offline,
enterprise,Executive -field ,,,FALSE,QA1test898@Import.com,TRUE,,irene dempster,,,,,Offline,
enterprise,Executive -field ,,,FALSE,QA1test899@Import.com,TRUE,,mathieu desrosiers,,,,,Offline,
enterprise,Executive -field ,,,FALSE,QA1test900@Import.com,TRUE,,Lynn Dickie,,,,,Offline,
enterprise,Executive -field ,,,FALSE,QA1test901@Import.com,TRUE,,Elias Doha,,,,,Offline,
enterprise,Executive -field ,,,FALSE,QA1test902@Import.com,TRUE,,kelly donnelly,,,,,Offline,
enterprise,Executive -field ,,,FALSE,QA1test903@Import.com,TRUE,,Martina Doucette,,,,,Offline,
enterprise,Executive -field ,,,FALSE,QA1test904@Import.com,TRUE,,tammy duplessis,,,,,Offline,
enterprise,Executive -field ,,,FALSE,QA1test905@Import.com,TRUE,,Jeffrey Earle,,,,,Offline,
enterprise,Executive -field ,,,FALSE,QA1test906@Import.com,TRUE,,Valerie Fequiere,,,,,Offline,
enterprise,Executive -field ,,,FALSE,QA1test907@Import.com,TRUE,,Wendy Ferris,,,,,Offline,
enterprise,Executive -field ,,,FALSE,QA1test908@Import.com,TRUE,,mallory floyd,,,,,Offline,
enterprise,Executive -field ,,,FALSE,QA1test909@Import.com,TRUE,,robert founang,,,,,Offline,
enterprise,Executive -field ,,,FALSE,QA1test910@Import.com,TRUE,,Brittany Fowler,,,,,Offline,
enterprise,Executive -field ,,,FALSE,QA1test911@Import.com,TRUE,,Karen Fox,,,,,Offline,
enterprise,Executive -field ,,,FALSE,QA1test912@Import.com,TRUE,,kevin gillette,,,,,Offline,
enterprise,Executive -field ,,,FALSE,QA1test913@Import.com,TRUE,,denis gionet,,,,,Offline,
enterprise,Executive -field ,,,FALSE,QA1test914@Import.com,TRUE,,jeremy godfrey,,,,,Offline,
enterprise,Executive -field ,,,FALSE,QA1test915@Import.com,TRUE,,Rebecca Graves,,,,,Offline,
enterprise,Executive -field ,,,FALSE,QA1test916@Import.com,TRUE,,Darren Gray,,,,,Offline,
enterprise,Executive -field ,,,FALSE,QA1test917@Import.com,TRUE,,Gurvir Singh,,,,,Offline,
enterprise,Executive -field ,,,FALSE,QA1test918@Import.com,TRUE,,wayne hall,,,,,Offline,
enterprise,Executive -field ,,,FALSE,QA1test919@Import.com,TRUE,,Oussama Hamza,,,,,Offline,
enterprise,Executive -field ,,,FALSE,QA1test920@Import.com,TRUE,,beth hanlon,,,,,Offline,
enterprise,Executive -field ,,,FALSE,QA1test921@Import.com,TRUE,,kendall hartt,,,,,Offline,
enterprise,Executive -field ,,,FALSE,QA1test922@Import.com,TRUE,,willard henderson,,,,,Offline,
enterprise,Executive -field ,,,FALSE,QA1test923@Import.com,TRUE,,Robert Henwood,,,,,Offline,
enterprise,Executive -field ,,,FALSE,QA1test924@Import.com,TRUE,,samantha howe,,,,,Offline,
enterprise,Executive -field ,,,FALSE,QA1test925@Import.com,TRUE,,Tanya Hunter,,,,,Offline,
enterprise,Executive -field ,,,FALSE,QA1test926@Import.com,TRUE,,Derrick Hutchings,,,,,Offline,
enterprise,Executive -field ,,,FALSE,QA1test927@Import.com,TRUE,,ruth kalama,,,,,Offline,
enterprise,Executive -field ,,,FALSE,QA1test928@Import.com,TRUE,,Nicole Keffer,,,,,Offline,
enterprise,Executive -field ,,,FALSE,QA1test929@Import.com,TRUE,,Shelly Kelly,,,,,Offline,
enterprise,Executive -field ,,,FALSE,QA1test930@Import.com,TRUE,,william kelly,,,,,Offline,
enterprise,Executive -field ,,,FALSE,QA1test931@Import.com,TRUE,,matthew kemp,,,,,Offline,
enterprise,Executive -field ,,,FALSE,QA1test932@Import.com,TRUE,,Makrand Konkar,,,,,Offline,
enterprise,Executive -field ,,,FALSE,QA1test933@Import.com,TRUE,,danielle lacelle,,,,,Offline,
enterprise,Executive -field ,,,FALSE,QA1test934@Import.com,TRUE,,leonard landry,,,,,Offline,
enterprise,Executive -field ,,,FALSE,QA1test935@Import.com,TRUE,,Pierre Laprade,,,,,Offline,
enterprise,Executive -field ,,,FALSE,QA1test936@Import.com,TRUE,,Yannick Larouche,,,,,Offline,
enterprise,Executive -field ,,,FALSE,QA1test937@Import.com,TRUE,,Mike Lavin,,,,,Offline,
enterprise,Executive -field ,,,FALSE,QA1test938@Import.com,TRUE,,michael lemieux,,,,,Offline,
enterprise,Executive -field ,,,FALSE,QA1test939@Import.com,TRUE,,susan lent,,,,,Offline,
enterprise,Executive -field ,,,FALSE,QA1test940@Import.com,TRUE,,Maria Letson,,,,,Offline,
enterprise,Executive -field ,,,FALSE,QA1test941@Import.com,TRUE,,Shelley MacDonald,,,,,Offline,
enterprise,Executive -field ,,,FALSE,QA1test942@Import.com,TRUE,,devin mackay,,,,,Offline,
enterprise,Executive -field ,,,FALSE,QA1test943@Import.com,TRUE,,Rebecca Mallett,,,,,Offline,
enterprise,Executive -field ,,,FALSE,QA1test944@Import.com,TRUE,,Angela Malley,,,,,Offline,
enterprise,Executive -field ,,,FALSE,QA1test945@Import.com,TRUE,,Vickie Marquez,,,,,Offline,
enterprise,Executive -field ,,,FALSE,QA1test946@Import.com,TRUE,,Marcie McCarthy,,,,,Offline,
enterprise,Executive -field ,,,FALSE,QA1test947@Import.com,TRUE,,lori mccullough,,,,,Offline,
enterprise,Executive -field ,,,FALSE,QA1test948@Import.com,TRUE,,scott mcdade,,,,,Offline,
enterprise,Executive -field ,,,FALSE,QA1test949@Import.com,TRUE,,colin mcfarlane,,,,,Offline,
enterprise,Executive -field ,,,FALSE,QA1test950@Import.com,TRUE,,troy mcinerney,,,,,Offline,
enterprise,Executive -field ,,,FALSE,QA1test951@Import.com,TRUE,,Stephanie McKinney,,,,,Offline,
enterprise,Executive -field ,,,FALSE,QA1test952@Import.com,TRUE,,shelley moore,,,,,Offline,
enterprise,Executive -field ,,,FALSE,QA1test953@Import.com,TRUE,,Christa Cox,,,,,Offline,
enterprise,Executive -field ,,,FALSE,QA1test954@Import.com,TRUE,,David Pye,,,,,Offline,
enterprise,Executive -field ,,,FALSE,QA1test955@Import.com,TRUE,,Enea Acconciamessa,,,,,Offline,
enterprise,Executive -field ,,,FALSE,QA1test956@Import.com,TRUE,,scott adams,,,,,Offline,
enterprise,Executive -field ,,,FALSE,QA1test957@Import.com,TRUE,,Lawrence Afolayan,,,,,Offline,
enterprise,Executive -field ,,,FALSE,QA1test958@Import.com,TRUE,,Ruth Allaby,,,,,Offline,
enterprise,Executive -field ,,,FALSE,QA1test959@Import.com,TRUE,,bettyjo Amirault,,,,,Offline,
enterprise,Executive -field ,,,FALSE,QA1test960@Import.com,TRUE,,Moussa Arezki,,,,,Offline,
enterprise,Executive -field ,,,FALSE,QA1test961@Import.com,TRUE,,airuh argosino,,,,,Offline,
enterprise,Executive -field ,,,FALSE,QA1test962@Import.com,TRUE,,Darrell Armstrong,,,,,Offline,
enterprise,Executive -field ,,,FALSE,QA1test963@Import.com,TRUE,,jason atkinson,,,,,Offline,
enterprise,Executive -field ,,,FALSE,QA1test964@Import.com,TRUE,,andre arongaus,,,,,Offline,
enterprise,Executive -field ,,,FALSE,QA1test965@Import.com,TRUE,,amira azha,,,,,Offline,
enterprise,Executive -field ,,,FALSE,QA1test966@Import.com,TRUE,,Oussama Azzouni,,,,,Offline,
enterprise,Executive -field ,,,FALSE,QA1test967@Import.com,TRUE,,Aliyu Bakare,,,,,Offline,
enterprise,Executive -field ,,,FALSE,QA1test968@Import.com,TRUE,,Janarthan Balakrish,,,,,Offline,
enterprise,Executive -field ,,,FALSE,QA1test969@Import.com,TRUE,,alicia barton,,,,,Offline,
enterprise,Executive -field ,,,FALSE,QA1test970@Import.com,TRUE,,Kathryn beale,,,,,Offline,
enterprise,Executive -field ,,,FALSE,QA1test971@Import.com,TRUE,,christian beaudoin,,,,,Offline,
enterprise,Executive -field ,,,FALSE,QA1test972@Import.com,TRUE,,arsene bokanga,,,,,Offline,
enterprise,Executive -field ,,,FALSE,QA1test973@Import.com,TRUE,,joseph boudrea,,,,,Offline,
enterprise,Executive -field ,,,FALSE,QA1test974@Import.com,TRUE,,Pamela Boyle,,,,,Offline,
enterprise,Executive -field ,,,FALSE,QA1test975@Import.com,TRUE,,Angela Branscombe,,,,,Offline,
enterprise,Executive -field ,,,FALSE,QA1test976@Import.com,TRUE,,debra buckley,,,,,Offline,
enterprise,Executive -field ,,,FALSE,QA1test977@Import.com,TRUE,,Garthur bungay,,,,,Offline,
enterprise,Executive -field ,,,FALSE,QA1test978@Import.com,TRUE,,lorraine butler,,,,,Offline,
enterprise,Executive -field ,,,FALSE,QA1test979@Import.com,TRUE,,jennifer calhoun,,,,,Offline,
enterprise,Executive -field ,,,FALSE,QA1test980@Import.com,TRUE,,robyn calvin,,,,,Offline,
enterprise,Executive -field ,,,FALSE,QA1test981@Import.com,TRUE,,devin campbell,,,,,Offline,
enterprise,Executive -field ,,,FALSE,QA1test982@Import.com,TRUE,,samantha.higgins,,,,,Offline,
enterprise,Executive -field ,,,FALSE,QA1test983@Import.com,TRUE,,jose castin,,,,,Offline,
enterprise,Executive -field ,,,FALSE,QA1test984@Import.com,TRUE,,danielle clarke,,,,,Offline,
enterprise,Executive -field ,,,FALSE,QA1test985@Import.com,TRUE,,conrad clements,,,,,Offline,
enterprise,Executive -field ,,,FALSE,QA1test986@Import.com,TRUE,,dillan cochran,,,,,Offline,
enterprise,Executive -field ,,,FALSE,QA1test987@Import.com,TRUE,,kim.codner,,,,,Offline,
enterprise,Executive -field ,,,FALSE,QA1test988@Import.com,TRUE,,Janice Colwell,,,,,Offline,
enterprise,Executive -field ,,,FALSE,QA1test989@Import.com,TRUE,,Bennett Comeau,,,,,Offline,
enterprise,Executive -field ,,,FALSE,QA1test990@Import.com,TRUE,,emma conradi,,,,,Offline,
enterprise,Executive -field ,,,FALSE,QA1test991@Import.com,TRUE,,Kathleen.Corcoran,,,,,Offline,
enterprise,Executive -field ,,,FALSE,QA1test992@Import.com,TRUE,,shaun crawford,,,,,Offline,
enterprise,Executive -field ,,,FALSE,QA1test993@Import.com,TRUE,,marjorie curtis,,,,,Offline,
enterprise,Executive -field ,,,FALSE,QA1test994@Import.com,TRUE,,doreen daley,,,,,Offline,
enterprise,Executive -field ,,,FALSE,QA1test995@Import.com,TRUE,,phillip dalling,,,,,Offline,
enterprise,Executive -field ,,,FALSE,QA1test996@Import.com,TRUE,,gloria deambrose,,,,,Offline,
enterprise,Executive -field ,,,FALSE,QA1test997@Import.com,TRUE,,Matthew DellaMalva,,,,,Offline,
enterprise,Executive -field ,,,FALSE,QA1test998@Import.com,TRUE,,Tom DeLong,,,,,Offline,
enterprise,Executive -field ,,,FALSE,QA1test999@Import.com,TRUE,,irene dempster,,,,,Offline,
enterprise,Executive -field ,,,FALSE,QA1test1000@Import.com,TRUE,,mathieu desrosiers,,,,,Offline,
