accountType,group,description,deviceID,deviceToken,disabled,email,firstTimeUser,lastSignInTime,name,osType,phoneNumber,photoURL,profile,status,tenantId
enterprise,admin,Administrator -North America,,,FALSE,QA1test01@gmail.com,TRUE,,CHRISTA COSSS,,+919012321321,,,Offline,s0vyPZsz6YZL68DMCwaW
enterprise,admin,Administrator -North America,,,FALSE,QA1test02@gmail.com,TRUE,,David Pye,,+919012321321,,,Offline,s0vyPZsz6YZL68DMCwaW
enterprise,admin,Administrator -North America,,,FALSE,QA1test03@gmail.com,TRUE,,Enea Acconciamessa,,+919012321321,,,Offline,s0vyPZsz6YZL68DMCwaW
enterprise,admin,Administrator -North America,,,FALSE,QA1test04@gmail.com,TRUE,,scott adams,,uniqueError,,,Offline,s0vyPZsz6YZL68DMCwaW
enterprise,admin,Administrator -North America,,,FALSE,QA1test05@gmail.com,TRUE,,Lawrence Afolayan,,+911234567890,,,Offline,s0vyPZsz6YZL68DMCwaW
enterprise,admin,Administrator -North America,,,FALSE,QA1test06@gmail.com,TRUE,,Ruth Allaby,,+911234567890,,,Offline,s0vyPZsz6YZL68DMCwaW
enterprise,admin,Administrator -North America,,,FALSE,QA1test07@gmail.com,TRUE,,bettyjo Amirault,,+911234567890,,,Offline,s0vyPZsz6YZL68DMCwaW
enterprise,admin,Administrator -North America,,,FALSE,QA1test08@gmail.com,TRUE,,Moussa Arezki,,+911234567890,,,Offline,s0vyPZsz6YZL68DMCwaW
enterprise,admin,Administrator -North America,,,FALSE,QA1test09@gmail.com,TRUE,,airuh argosino,,+911234567890,,,Offline,s0vyPZsz6YZL68DMCwaW
enterprise,admin,Technician,,,FALSE,QA1test10@gmail.com,TRUE,,Darrell Armstrong,,+911234567890,,,Offline,s0vyPZsz6YZL68DMCwaW
enterprise,admin,Technician,,,FALSE,QA1test11@gmail.com,TRUE,,jason atkinson,,+911234567890,,,Offline,s0vyPZsz6YZL68DMCwaW
enterprise,admin,Technician,,,FALSE,QA1test12@gmail.com,TRUE,,andre arongaus,,+911234567890,,,Offline,s0vyPZsz6YZL68DMCwaW
enterprise,admin,Technician,,,FALSE,QA1test13@gmail.com,TRUE,,amira azha,,+911234567890,,,Offline,s0vyPZsz6YZL68DMCwaW
enterprise,admin,Technician,,,FALSE,QA1test14@gmail.com,TRUE,,Oussama Azzouni,,+911234567890,,,Offline,s0vyPZsz6YZL68DMCwaW
enterprise,admin,Technician,,,FALSE,QA1test15@gmail.com,TRUE,,Aliyu Bakare,,+911234567890,,,Offline,s0vyPZsz6YZL68DMCwaW
enterprise,admin,Technician,,,FALSE,QA1test16@gmail.com,TRUE,,Janarthan Balakrish,,+911234567890,,,Offline,s0vyPZsz6YZL68DMCwaW
enterprise,admin,Technician,,,FALSE,QA1test17@gmail.com,TRUE,,alicia barton,,+911234567890,,,Offline,s0vyPZsz6YZL68DMCwaW
enterprise,admin,Technician,,,FALSE,QA1test18@gmail.com,TRUE,,Kathryn beale,,+911234567890,,,Offline,s0vyPZsz6YZL68DMCwaW
enterprise,admin,Technician,,,FALSE,QA1test19@gmail.com,TRUE,,christian beaudoin,,+911234567890,,,Offline,s0vyPZsz6YZL68DMCwaW
enterprise,admin,Technician,,,FALSE,QA1test20@gmail.com,TRUE,,arsene bokanga,,+911234567890,,,Offline,s0vyPZsz6YZL68DMCwaW
enterprise,admin,Technician,,,FALSE,QA1test21@gmail.com,TRUE,,joseph boudrea,,+911234567890,,,Offline,s0vyPZsz6YZL68DMCwaW
enterprise,admin,Technician,,,FALSE,QA1test22@gmail.com,TRUE,,Pamela Boyle,,+911234567890,,,Offline,s0vyPZsz6YZL68DMCwaW
enterprise,admin,Technician,,,FALSE,QA1test23@gmail.com,TRUE,,Angela Branscombe,,+911234567890,,,Offline,s0vyPZsz6YZL68DMCwaW
enterprise,admin,Technician,,,FALSE,QA1test24@gmail.com,TRUE,,debra buckley,,+911234567890,,,Offline,s0vyPZsz6YZL68DMCwaW
enterprise,admin,Technician,,,FALSE,QA1test25@gmail.com,TRUE,,Garthur bungay,,+911234567890,,,Offline,s0vyPZsz6YZL68DMCwaW
enterprise,admin,Technician,,,FALSE,QA1test26@gmail.com,TRUE,,lorraine butler,,+911234567890,,,Offline,s0vyPZsz6YZL68DMCwaW
enterprise,admin,Technician,,,FALSE,QA1test27@gmail.com,TRUE,,jennifer calhoun,,+911234567890,,,Offline,s0vyPZsz6YZL68DMCwaW
enterprise,admin,Technician,,,FALSE,QA1test28@gmail.com,TRUE,,robyn calvin,,+911234567890,,,Offline,s0vyPZsz6YZL68DMCwaW
enterprise,admin,Technician,,,FALSE,QA1test29@gmail.com,TRUE,,devin campbell,,+911234567890,,,Offline,s0vyPZsz6YZL68DMCwaW
enterprise,admin,Technician,,,FALSE,QA1test30@gmail.com,TRUE,,samantha.higgins,,+911234567890,,,Offline,s0vyPZsz6YZL68DMCwaW
enterprise,admin,Technician,,,FALSE,QA1test31@gmail.com,TRUE,,jose castin,,+911234567890,,,Offline,s0vyPZsz6YZL68DMCwaW
enterprise,admin,Technician,,,FALSE,QA1test32@gmail.com,TRUE,,danielle clarke,,+911234567890,,,Offline,s0vyPZsz6YZL68DMCwaW
enterprise,admin,Technician,,,FALSE,QA1test33@gmail.com,TRUE,,conrad clements,,+911234567890,,,Offline,s0vyPZsz6YZL68DMCwaW
enterprise,admin,Technician,,,FALSE,QA1test34@gmail.com,TRUE,,dillan cochran,,+911234567890,,,Offline,s0vyPZsz6YZL68DMCwaW
enterprise,admin,Technician,,,FALSE,QA1test35@gmail.com,TRUE,,kim.codner,,+911234567890,,,Offline,s0vyPZsz6YZL68DMCwaW
enterprise,admin,Executive -field ,,,FALSE,QA1test36@gmail.com,TRUE,,Janice Colwell,,+911234567890,,,Offline,s0vyPZsz6YZL68DMCwaW
enterprise,admin,Executive -field ,,,FALSE,QA1test37@gmail.com,TRUE,,Bennett Comeau,,+911234567890,,,Offline,s0vyPZsz6YZL68DMCwaW
enterprise,admin,Executive -field ,,,FALSE,QA1test38@gmail.com,TRUE,,emma conradi,,+911234567890,,,Offline,s0vyPZsz6YZL68DMCwaW
enterprise,admin,Executive -field ,,,FALSE,QA1test39@gmail.com,TRUE,,Kathleen.Corcoran,,+911234567890,,,Offline,s0vyPZsz6YZL68DMCwaW
enterprise,admin,Executive -field ,,,FALSE,QA1test40@gmail.com,TRUE,,shaun crawford,,+911234567890,,,Offline,s0vyPZsz6YZL68DMCwaW
enterprise,admin,Executive -field ,,,FALSE,QA1test41@gmail.com,TRUE,,marjorie curtis,,+911234567890,,,Offline,s0vyPZsz6YZL68DMCwaW
enterprise,admin,Executive -field ,,,FALSE,QA1test42@gmail.com,TRUE,,doreen daley,,+911234567890,,,Offline,s0vyPZsz6YZL68DMCwaW
enterprise,admin,Executive -field ,,,FALSE,QA1test43@gmail.com,TRUE,,phillip dalling,,+911234567890,,,Offline,s0vyPZsz6YZL68DMCwaW
enterprise,admin,Executive -field ,,,FALSE,QA1test44@gmail.com,TRUE,,gloria deambrose,,+911234567890,,,Offline,s0vyPZsz6YZL68DMCwaW
enterprise,admin,Executive -field ,,,FALSE,QA1test45@gmail.com,TRUE,,Matthew DellaMalva,,+911234567890,,,Offline,s0vyPZsz6YZL68DMCwaW
enterprise,admin,Executive -field ,,,FALSE,QA1test46@gmail.com,TRUE,,Tom DeLong,,+911234567890,,,Offline,s0vyPZsz6YZL68DMCwaW
enterprise,admin,Executive -field ,,,FALSE,QA1test47@gmail.com,TRUE,,irene dempster,,+911234567890,,,Offline,s0vyPZsz6YZL68DMCwaW
enterprise,admin,Executive -field ,,,FALSE,QA1test48@gmail.com,TRUE,,mathieu desrosiers,,+911234567890,,,Offline,s0vyPZsz6YZL68DMCwaW
enterprise,admin,Executive -field ,,,FALSE,QA1test49@gmail.com,TRUE,,Lynn Dickie,,+911234567890,,,Offline,s0vyPZsz6YZL68DMCwaW